,arr_delay
9254,-17.0
1561,-12.0
1670,-16.0
6087,0.0
6669,-11.0
5933,-11.0
8829,-19.0
7945,-14.0
3508,14.0
2002,6.0
5866,-6.0
168,4.0
2588,-1.0
5905,25.0
9529,-6.0
6384,65.0
7824,-4.0
9779,-13.0
4629,24.0
8560,14.0
9291,-5.0
6874,44.0
6521,5.0
8979,-8.0
6647,-8.0
9825,74.0
210,-11.0
5278,10.0
1919,-34.0
718,-1.0
4868,34.0
7834,-20.0
1298,-4.0
9193,-23.0
4617,-27.0
3128,-26.0
9795,13.0
3979,9.0
9924,40.0
8317,-13.0
4393,30.0
1287,-9.0
4355,-22.0
7013,34.0
3885,-19.0
5749,-7.0
9169,24.0
2407,-16.0
2013,1.0
5153,-14.0
8551,-7.0
4376,-35.0
8822,-22.0
4273,-21.0
5825,-20.0
6699,-34.0
7243,-10.0
449,-2.0
2227,-13.0
5756,-5.0
810,12.0
4180,-13.0
9000,9.0
5438,2.0
7533,-19.0
6369,22.0
8416,10.0
1477,-18.0
1790,13.0
2008,81.0
682,-7.0
2816,-30.0
9431,1.0
3774,-1.0
6495,103.0
8878,1.0
7361,-17.0
8366,33.0
7474,-1.0
46,0.0
30,-23.0
8250,0.0
6935,-2.0
1468,0.0
1665,-10.0
1416,-9.0
6480,89.0
4852,0.0
2470,93.0
4373,3.0
8524,-1.0
429,247.0
5244,22.0
2119,27.0
385,-13.0
1945,25.0
4224,-2.0
473,-15.0
2129,4.0
6556,-32.0
6998,-14.0
1055,-10.0
3274,-14.0
4961,103.0
5363,723.0
5816,8.0
811,-13.0
4573,-14.0
6137,-4.0
2388,-29.0
9648,-2.0
6225,-3.0
111,-20.0
8909,27.0
1745,21.0
7851,-26.0
1452,-6.0
319,-11.0
8593,0.0
3333,-14.0
1922,-16.0
5865,6.0
9528,-21.0
3685,-27.0
4275,-24.0
4889,-24.0
5225,-6.0
7472,-9.0
3605,178.0
1052,1.0
4156,-12.0
9676,-23.0
99,-13.0
7508,20.0
1456,-15.0
7688,0.0
4004,-8.0
6866,11.0
4509,-14.0
3299,-22.0
3799,2.0
4281,-6.0
9051,-5.0
6462,-16.0
7912,-34.0
1414,-28.0
540,-2.0
5815,2.0
8199,-13.0
3680,21.0
754,-5.0
4196,-12.0
2650,-39.0
4522,-7.0
9519,11.0
3118,-8.0
3728,-18.0
3886,0.0
7107,-8.0
8068,5.0
7325,1.0
8483,-33.0
8767,-6.0
6500,0.0
8426,3.0
7963,-14.0
601,-33.0
9249,-4.0
8919,1.0
6814,-2.0
5411,-31.0
8747,-10.0
5522,-36.0
1044,24.0
7334,92.0
1557,-4.0
3739,-21.0
3522,39.0
180,-10.0
2115,77.0
1699,-19.0
1379,-14.0
7229,-18.0
9143,-13.0
618,6.0
3181,139.0
9851,6.0
1600,-15.0
5963,12.0
1615,-14.0
5920,-7.0
9591,-18.0
3891,-16.0
2083,13.0
4574,13.0
5594,-2.0
5121,11.0
4587,-15.0
4902,-8.0
8252,-18.0
5916,-24.0
5129,13.0
8334,-5.0
1918,-25.0
8330,-13.0
5707,-23.0
5384,-23.0
6336,-14.0
2054,38.0
7612,-22.0
9209,126.0
3963,-8.0
1126,97.0
3428,-39.0
4601,89.0
3721,-2.0
2389,1.0
1322,-1.0
1603,-25.0
7224,35.0
7425,15.0
4336,-13.0
5593,-13.0
4411,-22.0
5858,20.0
9343,84.0
3991,14.0
6079,-15.0
1559,-33.0
4682,-34.0
7557,0.0
3772,-36.0
8779,107.0
3457,0.0
8383,11.0
1354,14.0
45,-15.0
9872,-9.0
748,-26.0
7917,-29.0
4241,-12.0
5628,-23.0
4657,-9.0
4238,-7.0
3460,3.0
7381,35.0
5549,-14.0
7075,1.0
5838,-25.0
8091,-14.0
5474,-24.0
3614,-14.0
7501,-10.0
7053,17.0
7367,24.0
8019,163.0
9638,211.0
9055,-15.0
664,5.0
2319,-15.0
3542,-4.0
3677,-5.0
9599,-1.0
3091,-22.0
675,55.0
8676,-21.0
4884,-12.0
8079,-15.0
1962,-23.0
1840,-5.0
7168,44.0
9898,-22.0
3538,14.0
8026,-17.0
4866,46.0
4174,-9.0
8088,16.0
4377,11.0
6211,-27.0
4766,-21.0
411,-15.0
613,43.0
6126,-29.0
5210,0.0
1430,28.0
2425,-16.0
8841,-2.0
3833,-6.0
4718,-10.0
7185,-8.0
1417,0.0
7199,-20.0
604,-11.0
1272,-27.0
3964,0.0
6367,-70.0
8746,-17.0
247,0.0
9226,5.0
1982,-8.0
2835,-8.0
5375,69.0
199,-8.0
485,-19.0
6083,2.0
8956,57.0
455,-20.0
9798,-13.0
8826,-5.0
6515,6.0
1721,-15.0
7050,4.0
6382,-5.0
8165,20.0
5767,-17.0
5809,-17.0
4626,28.0
862,-16.0
2094,-10.0
947,-17.0
5641,-36.0
1444,3.0
1280,-13.0
3110,-6.0
8952,-10.0
7609,-7.0
5135,13.0
3016,-9.0
2302,-8.0
2004,-21.0
4580,2.0
8704,17.0
1005,-1.0
5138,-7.0
4317,-23.0
6558,-13.0
4387,9.0
2132,1.0
4265,-6.0
2057,-5.0
5386,-15.0
229,12.0
2889,-3.0
4472,-2.0
6064,-21.0
7924,0.0
7649,-26.0
8381,-7.0
209,-8.0
2758,31.0
8471,-19.0
2948,-17.0
7116,-14.0
6330,16.0
1728,-6.0
4176,-25.0
337,89.0
4984,-4.0
6878,-45.0
7248,96.0
8452,-15.0
1226,-15.0
7608,32.0
6827,-17.0
3540,59.0
5868,-10.0
2111,7.0
2691,5.0
7153,-1.0
3707,-11.0
1017,-6.0
8511,-10.0
2807,-21.0
5015,8.0
1928,-20.0
350,-3.0
5173,-7.0
4192,15.0
1934,-11.0
6901,7.0
4823,18.0
564,-9.0
1582,62.0
4694,-13.0
2175,-14.0
7028,93.0
4880,103.0
2228,-9.0
1115,-30.0
3126,-10.0
3544,-16.0
5048,22.0
7476,41.0
821,24.0
6532,-7.0
2272,-4.0
5545,-8.0
81,-4.0
1323,8.0
9405,-22.0
1614,59.0
831,-10.0
3883,-8.0
8641,1.0
4464,73.0
5339,39.0
8066,-14.0
1649,-7.0
4065,-13.0
9665,-1.0
3038,-6.0
3320,-7.0
7143,-5.0
6889,-14.0
5092,0.0
3720,-20.0
2423,8.0
749,0.0
5271,46.0
2373,-26.0
4693,16.0
9879,5.0
8370,3.0
7319,-18.0
4368,-1.0
6785,-17.0
7401,11.0
1139,-9.0
7631,11.0
2231,-15.0
2164,-12.0
5217,-5.0
9444,-10.0
9237,11.0
4561,13.0
1570,-26.0
172,7.0
7163,53.0
2087,-17.0
4667,-1.0
4565,3.0
7089,-11.0
6569,-15.0
4783,1.0
2684,13.0
1832,-20.0
8546,13.0
5065,-3.0
9130,-24.0
9355,-16.0
4412,19.0
7207,4.0
9890,-3.0
834,-27.0
6821,45.0
3781,11.0
9012,6.0
7499,4.0
3424,-15.0
65,10.0
2963,-21.0
5669,-18.0
8962,-7.0
354,-6.0
8171,-29.0
4030,-11.0
8534,-25.0
3651,-9.0
6739,82.0
3297,-24.0
4127,-5.0
8043,28.0
4767,-15.0
472,-35.0
3761,-2.0
8617,82.0
3566,107.0
2760,15.0
868,13.0
9382,21.0
8688,-4.0
4052,-8.0
6130,-19.0
3244,0.0
4842,-10.0
9330,-19.0
5640,3.0
5780,4.0
8540,-18.0
1075,17.0
2957,22.0
6752,9.0
8657,12.0
7272,41.0
4759,-12.0
4862,3.0
7025,9.0
7647,1.0
7161,-19.0
73,0.0
4901,-21.0
4375,4.0
6698,12.0
9805,-19.0
1101,22.0
9537,5.0
7655,38.0
5235,-10.0
5165,-13.0
118,0.0
2022,-1.0
9885,-21.0
2638,-2.0
2034,64.0
2564,-18.0
8665,-4.0
3543,-1.0
1219,-7.0
9714,-12.0
6711,-15.0
2903,-13.0
3026,15.0
2510,-26.0
4201,-10.0
3207,-27.0
4489,-22.0
2755,43.0
8889,-13.0
177,10.0
1643,-8.0
9292,-21.0
3518,25.0
1374,26.0
1720,-30.0
3995,-8.0
3688,-16.0
2264,-9.0
87,-30.0
2848,-9.0
8687,-20.0
403,-24.0
9900,6.0
4077,-4.0
6835,-7.0
6537,-22.0
2456,-11.0
2751,0.0
2214,63.0
1027,-10.0
9703,-9.0
1421,10.0
2436,4.0
4277,4.0
9609,12.0
1278,109.0
6220,-16.0
4907,83.0
5064,25.0
1978,-34.0
1061,-24.0
5014,21.0
4535,2.0
6993,17.0
9253,1.0
1502,7.0
8568,-13.0
9314,-25.0
8836,15.0
8920,2.0
4918,-15.0
678,-21.0
5076,44.0
8064,0.0
7568,-23.0
102,-8.0
957,-21.0
8556,-14.0
3785,-6.0
9630,-15.0
7173,-15.0
4043,-36.0
2648,9.0
6000,-17.0
7927,-17.0
2826,7.0
4094,-9.0
7774,-10.0
9258,15.0
8113,-26.0
4772,-5.0
1947,275.0
6109,-7.0
2299,14.0
7844,31.0
4382,-15.0
5425,-3.0
6771,4.0
8578,-20.0
4291,-12.0
528,-17.0
1233,-23.0
779,-20.0
5859,0.0
3059,120.0
8587,-2.0
1860,23.0
8438,-16.0
7403,-9.0
4639,9.0
4250,-17.0
1992,-8.0
7379,-17.0
7305,-27.0
5303,-2.0
8192,-15.0
7447,-10.0
2471,-13.0
7197,-8.0
5312,-18.0
9035,8.0
1396,-9.0
4002,2.0
5371,-11.0
3235,-5.0
1042,12.0
3298,7.0
7256,0.0
257,-6.0
7286,17.0
8616,-19.0
7816,-9.0
5843,6.0
2089,-35.0
7702,-15.0
503,147.0
5265,-2.0
8814,202.0
1345,-10.0
8455,-10.0
5046,4.0
2248,-25.0
4981,69.0
372,-22.0
8454,0.0
3370,514.0
2006,-30.0
3656,40.0
8327,-2.0
7521,-20.0
4001,-17.0
6072,-9.0
8736,0.0
997,29.0
8179,18.0
3290,25.0
1176,57.0
551,17.0
744,-9.0
7223,-12.0
4554,-19.0
2859,-2.0
8820,-21.0
3459,-5.0
2724,-34.0
6847,-4.0
7615,-11.0
7547,-18.0
9174,-25.0
6393,-6.0
5358,9.0
9488,-18.0
2968,6.0
693,-1.0
2533,-13.0
6399,-8.0
982,30.0
5364,-5.0
79,15.0
4053,6.0
6258,10.0
9576,-13.0
9025,-2.0
3107,-5.0
3601,-5.0
6073,46.0
8126,66.0
2142,83.0
6310,-20.0
2268,19.0
445,42.0
4883,-5.0
4466,48.0
9026,-14.0
6632,-2.0
3316,-5.0
1701,107.0
2526,-1.0
68,12.0
1168,26.0
48,139.0
1053,6.0
4029,69.0
880,-25.0
2651,-12.0
7759,0.0
2439,-6.0
4924,0.0
1467,3.0
7292,-3.0
5035,-21.0
2441,-11.0
6554,-22.0
230,-9.0
1320,0.0
41,15.0
777,25.0
8950,-12.0
8404,-11.0
1729,-20.0
3910,44.0
579,-21.0
9941,47.0
5839,-2.0
8271,-15.0
7275,6.0
1491,-18.0
9109,0.0
5610,-4.0
61,-35.0
5471,0.0
3905,-25.0
6531,34.0
402,31.0
332,23.0
2084,-16.0
9557,5.0
164,-20.0
4379,-17.0
2715,59.0
8923,23.0
7346,-22.0
5453,-2.0
7046,-5.0
1334,5.0
8698,1.0
1659,-10.0
3578,-24.0
753,0.0
6584,-5.0
706,-8.0
3014,-8.0
8558,-13.0
9875,-7.0
9582,-18.0
8928,-5.0
9556,-12.0
8983,-26.0
1834,-15.0
2996,-25.0
5427,4.0
3879,-11.0
7156,-18.0
5081,-13.0
9114,-9.0
7244,-22.0
5400,-30.0
5395,-2.0
9427,-1.0
2246,-2.0
835,-21.0
8394,-6.0
9042,14.0
432,0.0
3378,-23.0
6817,-23.0
8131,-16.0
9621,9.0
6066,-13.0
1193,27.0
6934,-1.0
5461,-27.0
3071,-15.0
3044,-14.0
3263,26.0
2729,-5.0
3433,71.0
433,0.0
3272,-17.0
7001,6.0
9726,-26.0
104,-8.0
3315,-8.0
1656,21.0
1533,10.0
4680,11.0
8813,-12.0
9002,-7.0
6622,0.0
1443,-15.0
214,-11.0
5356,-32.0
9218,-13.0
6322,5.0
4989,-5.0
1419,9.0
9516,-9.0
8606,-26.0
181,-28.0
4352,152.0
8700,21.0
2446,16.0
5321,-3.0
8045,-3.0
5684,-4.0
3532,0.0
8244,-10.0
7976,5.0
3698,-7.0
70,51.0
544,-18.0
1204,-12.0
3078,21.0
9106,37.0
9120,-4.0
9680,-4.0
6180,-10.0
8329,1.0
4284,-13.0
4007,-19.0
8713,-9.0
877,7.0
8060,51.0
196,31.0
9746,-12.0
4010,-18.0
9962,-9.0
2571,-10.0
3753,0.0
9247,51.0
8628,-6.0
9368,-19.0
6159,-12.0
4791,177.0
5337,9.0
3024,-6.0
2718,59.0
8655,-32.0
6916,73.0
3984,-24.0
7308,-29.0
5953,14.0
3844,-14.0
2682,-3.0
4024,16.0
8715,37.0
3139,-19.0
4237,-4.0
218,86.0
6618,3.0
9606,-11.0
5268,143.0
2543,63.0
2870,-19.0
1244,-4.0
420,-2.0
6227,-13.0
2058,35.0
8493,0.0
6434,-18.0
3422,25.0
4510,-17.0
1166,28.0
254,-17.0
415,-4.0
9175,-10.0
3469,-10.0
3050,-22.0
759,-13.0
1385,-12.0
654,92.0
1201,-13.0
2413,5.0
5579,-10.0
5993,100.0
5294,244.0
3055,-22.0
2830,-17.0
2970,95.0
328,-17.0
4270,-27.0
5994,5.0
4392,-18.0
2063,10.0
8301,19.0
9013,-10.0
9329,18.0
5169,6.0
4429,-8.0
1281,1.0
3381,13.0
2636,125.0
3328,15.0
6436,-22.0
5018,-20.0
7324,0.0
3795,-23.0
2663,-22.0
8282,-21.0
1282,-13.0
4148,-17.0
1362,-32.0
1437,-1.0
9628,-8.0
3441,7.0
56,-9.0
4597,-7.0
8479,-25.0
5365,0.0
1844,-4.0
5515,-5.0
8573,-10.0
6263,1.0
2880,34.0
1743,10.0
8398,-6.0
4169,-2.0
5197,2.0
8993,-20.0
740,32.0
9066,-8.0
1624,-28.0
524,4.0
7999,-8.0
4419,-4.0
5426,-10.0
6689,1.0
7382,-6.0
435,0.0
2960,15.0
308,77.0
1565,-4.0
2631,12.0
5597,-29.0
9477,37.0
401,-20.0
3826,-34.0
881,24.0
3997,-20.0
7118,-11.0
3265,-11.0
8406,40.0
5009,-17.0
5736,-12.0
5554,56.0
288,-16.0
5564,-6.0
8324,-20.0
2623,0.0
8859,-12.0
476,36.0
8591,33.0
9713,0.0
6522,148.0
3111,-18.0
9470,-27.0
737,-32.0
3133,-19.0
8047,-2.0
6551,-16.0
5407,-16.0
5563,73.0
5328,-6.0
6718,-9.0
5118,-6.0
4619,-8.0
3689,-17.0
7716,91.0
1839,-4.0
1995,51.0
2399,-16.0
6510,-2.0
9356,1.0
4119,6.0
5894,-23.0
800,-14.0
8423,-5.0
7680,-33.0
1405,-21.0
5431,31.0
69,27.0
9543,-6.0
2759,-13.0
8294,-13.0
1586,7.0
6666,-17.0
8014,0.0
1074,103.0
3063,16.0
6487,-37.0
4705,-9.0
9069,-8.0
2603,19.0
7738,-16.0
1579,-14.0
5058,-3.0
5753,22.0
3548,5.0
409,9.0
4097,15.0
6461,-23.0
5601,-20.0
5231,2.0
3777,-3.0
2726,0.0
477,90.0
1329,79.0
4035,-7.0
9642,82.0
1777,-3.0
6096,-11.0
751,34.0
5792,0.0
4060,0.0
9041,-1.0
6030,131.0
5898,0.0
9338,-2.0
9160,-20.0
9996,0.0
5151,-18.0
468,-2.0
1545,-9.0
6311,-9.0
2683,18.0
8966,-11.0
6181,-13.0
1025,-12.0
5112,-2.0
8562,23.0
5368,-10.0
2354,-47.0
7278,0.0
3602,15.0
773,20.0
6773,-6.0
8809,-26.0
3382,8.0
641,0.0
4233,-21.0
3815,39.0
4104,-37.0
9925,-3.0
1108,-21.0
3527,-7.0
3495,-17.0
1420,-3.0
6923,0.0
3881,-9.0
8353,0.0
6245,-2.0
4938,-1.0
6798,114.0
7812,-6.0
1680,-6.0
6715,39.0
633,-10.0
2569,-7.0
7359,-13.0
2166,0.0
8169,-13.0
8845,-3.0
2825,67.0
4087,-12.0
6243,119.0
8364,110.0
3941,-7.0
9179,57.0
8075,-15.0
9195,104.0
4128,-18.0
1172,-6.0
8668,-5.0
4222,8.0
4834,-19.0
2576,-16.0
1989,2.0
6973,50.0
5836,3.0
4532,6.0
3209,-3.0
3855,17.0
2628,0.0
7803,39.0
1410,-43.0
8257,5.0
7386,8.0
4303,-8.0
6750,-12.0
6555,13.0
815,-12.0
2404,-8.0
5397,-20.0
9956,-29.0
2131,-13.0
1797,10.0
3090,17.0
4184,68.0
4564,-12.0
5030,0.0
8048,-10.0
122,-14.0
179,-11.0
9250,-7.0
8095,-17.0
6429,-5.0
9737,-2.0
4992,2.0
1157,37.0
9003,-11.0
1532,-34.0
8992,-30.0
7859,6.0
9110,10.0
1535,0.0
9259,-4.0
5517,-1.0
2605,16.0
6127,7.0
9141,-9.0
7458,-25.0
2177,-19.0
7990,-25.0
2351,-9.0
9177,-1.0
3502,-13.0
2134,-19.0
1480,7.0
2793,-10.0
4843,-11.0
9780,-19.0
9934,-15.0
4762,12.0
7191,-19.0
6041,-9.0
9636,185.0
3445,-36.0
8149,-4.0
7765,66.0
3620,-27.0
1952,-23.0
555,3.0
4264,60.0
1163,-3.0
1584,176.0
6151,-7.0
9720,-10.0
5837,-27.0
5261,-9.0
5239,88.0
7913,0.0
9162,-13.0
1598,26.0
7182,167.0
300,-2.0
9660,-29.0
6947,77.0
3794,-20.0
4572,-14.0
4335,2.0
2858,-22.0
5694,-15.0
3142,-23.0
1359,-6.0
4533,-30.0
9749,-3.0
5687,6.0
486,11.0
7836,-1.0
9554,-25.0
5900,49.0
8116,0.0
7362,-4.0
1152,-11.0
5382,-31.0
9741,-8.0
5424,1.0
8807,47.0
5186,-13.0
8409,-15.0
6189,-5.0
9702,-13.0
8269,-20.0
5314,111.0
9903,-5.0
665,-14.0
3353,-5.0
8851,1.0
8061,-8.0
642,-23.0
9242,28.0
176,20.0
6431,1.0
9910,-31.0
3438,-13.0
786,81.0
6391,85.0
9065,1.0
9927,-9.0
3202,-2.0
4803,-17.0
7835,-9.0
7940,-10.0
91,-4.0
5762,-16.0
9027,1.0
9504,-12.0
8237,1.0
1971,-17.0
2905,-10.0
530,15.0
3635,178.0
996,-24.0
5852,-31.0
4226,3.0
5616,-23.0
2312,-26.0
2154,7.0
5317,15.0
1427,54.0
8630,-8.0
6032,-8.0
4415,-4.0
8818,-11.0
3085,-8.0
7798,-28.0
9153,-3.0
8209,-16.0
9573,0.0
9534,-19.0
495,7.0
3749,-18.0
2321,-17.0
4267,-15.0
3405,-13.0
151,-15.0
7369,-6.0
694,-20.0
4417,2.0
5697,-29.0
1738,35.0
3001,0.0
167,1.0
6111,-18.0
4622,7.0
2865,141.0
8544,-15.0
4702,-9.0
2883,42.0
3031,1.0
8183,2.0
8980,-35.0
8528,-14.0
5681,-9.0
7209,31.0
5991,-5.0
2276,139.0
7132,75.0
5705,1.0
7998,-21.0
5292,-16.0
4304,-16.0
7445,-25.0
428,76.0
7068,-5.0
6364,2.0
4215,-23.0
426,-23.0
2223,90.0
100,-2.0
9244,-21.0
3307,-9.0
2762,-10.0
5857,-11.0
4738,-19.0
7092,-11.0
9632,-14.0
3286,8.0
7712,-13.0
7868,23.0
6067,-1.0
9235,-24.0
3577,-17.0
1465,-6.0
7675,12.0
2234,-4.0
1744,-14.0
9754,183.0
6094,-4.0
8781,6.0
9401,-2.0
8371,-17.0
5027,19.0
9234,3.0
3944,-14.0
6862,-16.0
5350,-27.0
9422,-5.0
2121,-14.0
4972,-21.0
8576,-4.0
3784,-17.0
6872,-18.0
916,0.0
9394,13.0
7252,-23.0
8012,-29.0
5821,-9.0
4403,-3.0
4863,-27.0
8515,40.0
5422,17.0
7733,-17.0
1203,7.0
3768,68.0
5357,-20.0
3852,-36.0
1926,1.0
3114,-27.0
2641,-14.0
7639,48.0
7360,5.0
8182,-8.0
7610,-6.0
2728,91.0
9597,4.0
4985,0.0
6846,62.0
7698,-27.0
4012,-7.0
2626,125.0
7238,-19.0
8255,-13.0
9565,-17.0
805,-4.0
4634,1.0
5247,3.0
5566,-22.0
5739,-24.0
5143,-2.0
8265,-13.0
4459,0.0
1242,11.0
6945,-2.0
5740,-16.0
5325,7.0
547,-4.0
3022,3.0
5761,4.0
4031,-3.0
26,1.0
4952,-9.0
5152,20.0
2508,-21.0
1433,-18.0
2582,-13.0
1302,7.0
5812,-30.0
7349,-20.0
5281,-18.0
6114,9.0
1221,31.0
7435,-3.0
2548,-30.0
750,3.0
437,-22.0
4371,-42.0
4448,25.0
2847,-28.0
1173,-14.0
7495,-12.0
2699,2.0
9888,-18.0
9506,-24.0
6395,178.0
2481,3.0
5456,0.0
8444,-10.0
2706,-16.0
4661,-9.0
326,-14.0
1039,-9.0
2637,-5.0
5022,-8.0
2499,1.0
1004,-8.0
2861,-3.0
3233,85.0
1870,-8.0
4245,102.0
6927,-21.0
8385,0.0
534,-33.0
9827,-30.0
7148,40.0
7365,-18.0
585,-8.0
9914,-13.0
3035,-10.0
4428,36.0
4089,-2.0
1703,12.0
4295,-14.0
5719,7.0
491,-29.0
6899,6.0
4353,-26.0
2836,-8.0
2266,2.0
7718,-13.0
9523,3.0
8022,-9.0
4707,-6.0
9843,-7.0
2900,-24.0
9618,-15.0
2944,9.0
1916,5.0
3185,-26.0
8626,-10.0
9434,45.0
7255,36.0
4246,-16.0
8615,-12.0
5146,7.0
8565,161.0
2518,69.0
397,5.0
1317,-26.0
4560,-10.0
121,50.0
2449,-7.0
8855,-7.0
8108,-14.0
1566,6.0
1984,7.0
4333,-10.0
7910,-5.0
9286,13.0
3918,-11.0
2173,-4.0
3283,-24.0
8495,-1.0
8584,-11.0
2333,-15.0
573,-16.0
3660,-14.0
9075,25.0
981,2.0
9370,-16.0
1407,73.0
535,76.0
4315,-7.0
4598,-18.0
8622,16.0
8758,-18.0
1434,-8.0
6994,-18.0
2579,-17.0
9403,-17.0
3269,34.0
9553,103.0
3838,7.0
1867,10.0
1454,24.0
1786,-11.0
9912,6.0
7095,-3.0
2521,-11.0
4439,0.0
1820,38.0
5615,22.0
2929,21.0
51,-4.0
4726,11.0
5716,-13.0
5465,-13.0
469,14.0
2629,-1.0
6513,-16.0
7467,83.0
3945,2.0
6204,24.0
4262,28.0
1858,-12.0
9532,0.0
865,-18.0
6390,-5.0
7212,-2.0
4921,21.0
8101,-15.0
4792,0.0
8854,-13.0
6250,6.0
5936,-3.0
425,-7.0
188,0.0
5629,-11.0
4359,-17.0
228,-10.0
7757,-5.0
7677,5.0
2741,26.0
1041,-12.0
4075,-20.0
9140,-27.0
6118,-5.0
6902,-12.0
471,-15.0
2921,39.0
1905,7.0
8876,-10.0
801,-14.0
1487,-6.0
8441,-9.0
227,13.0
7890,-22.0
1128,0.0
5070,-11.0
9166,-23.0
2208,-3.0
7993,-13.0
9842,13.0
6559,-13.0
9921,5.0
3153,1.0
4441,-22.0
7505,-7.0
8957,135.0
6215,2.0
9598,-26.0
2144,-11.0
7411,-8.0
8929,17.0
2374,-4.0
2577,-12.0
1632,-10.0
4832,-8.0
2298,-2.0
5033,44.0
156,-11.0
8046,4.0
6706,0.0
3349,-18.0
2879,-8.0
3413,2.0
7768,-12.0
4189,8.0
9610,82.0
9734,-13.0
7251,0.0
7613,-23.0
6919,-13.0
9681,-9.0
9671,-11.0
4794,39.0
5654,287.0
2495,13.0
7304,-18.0
2372,-4.0
4091,-12.0
9471,11.0
3461,-6.0
7006,-12.0
5391,220.0
7172,-3.0
5696,-36.0
5664,-7.0
4503,-14.0
2550,7.0
4715,-3.0
847,-19.0
3344,-12.0
938,11.0
4825,3.0
9693,-8.0
8863,-6.0
8610,-27.0
5354,21.0
5477,-15.0
9723,-4.0
756,-16.0
4750,65.0
2644,-16.0
4162,44.0
8648,-24.0
3165,-1.0
6497,-28.0
5987,-24.0
3873,17.0
7751,-15.0
6523,-13.0
3418,2.0
9904,28.0
2061,-3.0
549,-16.0
4453,11.0
2812,3.0
8777,-12.0
8995,12.0
2549,-2.0
6069,-19.0
3169,-7.0
7054,46.0
4828,26.0
9570,-16.0
1259,7.0
8712,44.0
3661,-19.0
7922,-11.0
1024,-24.0
4965,58.0
752,11.0
3942,-18.0
3710,0.0
9960,-9.0
1951,42.0
6314,-12.0
351,-32.0
1511,-34.0
4829,-18.0
9616,-10.0
3746,-6.0
5799,-8.0
701,-4.0
3693,-6.0
4614,12.0
7213,-5.0
561,-8.0
2318,-22.0
3098,-12.0
4838,-18.0
3150,-20.0
5608,19.0
4299,-4.0
4618,-4.0
4074,-12.0
3994,29.0
6373,896.0
6167,-5.0
1047,-9.0
2939,79.0
1808,49.0
3166,-6.0
414,-36.0
1340,17.0
9371,-33.0
7740,-14.0
5060,-13.0
4633,0.0
4609,-30.0
7366,-21.0
1469,44.0
1710,576.0
6270,-2.0
8732,10.0
2271,-26.0
1583,-16.0
1412,-10.0
4111,-14.0
7652,-22.0
6693,-18.0
1722,-43.0
2024,-12.0
2212,-13.0
1507,103.0
2622,5.0
5290,0.0
9128,-13.0
1321,7.0
842,-17.0
1146,10.0
3624,-5.0
4280,-14.0
9010,-32.0
8986,-13.0
4681,-7.0
463,11.0
1754,-17.0
3936,-11.0
7933,-17.0
9460,-9.0
4401,101.0
4700,11.0
8991,4.0
378,-16.0
3106,7.0
8215,-13.0
1335,2.0
1223,1.0
3848,74.0
2716,132.0
6837,-6.0
2952,-10.0
1350,20.0
1082,-18.0
6453,-19.0
1811,10.0
4121,6.0
1351,-16.0
7817,-17.0
8796,244.0
1894,-19.0
6639,-7.0
565,-18.0
3903,-11.0
7100,-30.0
3673,85.0
4366,-4.0
7545,-13.0
1212,-5.0
1189,-14.0
3955,-15.0
898,95.0
4786,2.0
8092,-8.0
4602,7.0
8896,244.0
3454,1.0
3609,-2.0
8157,18.0
8765,-12.0
9677,15.0
7572,-15.0
3909,-9.0
4028,-13.0
3931,-20.0
2332,-15.0
7302,-17.0
2262,3.0
9260,-13.0
5781,31.0
2595,-3.0
7200,49.0
3593,-16.0
5216,2.0
1030,-12.0
7433,7.0
7877,-13.0
8823,-9.0
8236,80.0
5733,-4.0
5378,-28.0
7762,-21.0
1755,-8.0
7355,-27.0
4161,-23.0
231,-28.0
8104,-4.0
110,-12.0
5457,-4.0
6708,-13.0
2514,-12.0
5961,-13.0
4279,8.0
4720,1.0
2917,24.0
9390,-17.0
2992,-20.0
2317,-5.0
4847,-11.0
4292,-15.0
6991,-23.0
1515,0.0
216,31.0
9213,-2.0
9061,11.0
8417,-9.0
2263,30.0
5326,-12.0
6840,-7.0
8498,-4.0
6010,191.0
893,1.0
1490,0.0
3003,-12.0
1850,-2.0
5199,-6.0
6380,-7.0
324,24.0
1215,-16.0
2899,-12.0
2933,10.0
3658,-8.0
8678,3.0
6673,2.0
7972,3.0
8586,6.0
6169,48.0
9724,-7.0
1129,-6.0
8856,-16.0
2918,14.0
3902,-7.0
7947,-25.0
9097,-38.0
3827,-20.0
4923,-24.0
208,6.0
3254,-20.0
2795,69.0
5106,-15.0
9011,-6.0
798,-26.0
9105,-14.0
734,0.0
2244,-8.0
178,-23.0
5830,-9.0
7008,-16.0
1174,102.0
6642,-43.0
5848,-8.0
1831,-5.0
7995,150.0
9279,-23.0
7897,0.0
8597,-27.0
8522,0.0
198,-13.0
7928,-10.0
7076,2.0
9284,122.0
1097,-17.0
548,-3.0
6908,-11.0
8229,-15.0
4706,143.0
6912,-20.0
3369,195.0
7583,3.0
2532,-13.0
4055,8.0
2314,2.0
6653,-14.0
6885,-25.0
5937,-14.0
2815,-2.0
3437,-10.0
3880,-22.0
4157,151.0
66,-6.0
7866,-14.0
616,20.0
1118,17.0
3260,-43.0
3401,2.0
3692,76.0
937,-15.0
6604,35.0
2572,2.0
7536,2.0
6324,18.0
622,4.0
1681,-39.0
2126,-13.0
787,1.0
3332,0.0
7236,48.0
1092,-30.0
9103,-25.0
5020,-23.0
9353,3.0
5944,-16.0
3280,10.0
8186,24.0
2201,1.0
1160,-18.0
5581,22.0
3592,-17.0
3952,0.0
9691,6.0
6247,4.0
4153,0.0
478,-26.0
1352,-19.0
4309,-4.0
5698,-11.0
2647,16.0
8460,-18.0
8198,-9.0
7689,-5.0
9257,-20.0
2589,-26.0
1033,-10.0
4686,-43.0
5011,-15.0
2598,0.0
5819,10.0
4608,13.0
8470,-23.0
9040,17.0
7450,78.0
4671,1.0
5583,20.0
3717,-6.0
9327,-7.0
3928,-4.0
3617,13.0
1425,-20.0
9378,-26.0
2919,-33.0
3819,-18.0
1871,-9.0
5487,-32.0
480,-17.0
5972,-19.0
9600,3.0
2888,13.0
6686,17.0
6315,111.0
527,224.0
4129,-15.0
722,-3.0
5120,-17.0
4722,-31.0
220,-2.0
9188,-28.0
1935,-14.0
344,3.0
8332,2.0
9674,-3.0
4483,-25.0
9706,1.0
8486,143.0
9216,-1.0
6903,0.0
9154,-3.0
5960,2.0
7034,-5.0
6051,-12.0
2391,1.0
7181,-33.0
4328,-14.0
6452,5.0
1983,28.0
8246,33.0
1554,-13.0
4850,-26.0
9095,-21.0
9922,0.0
7532,0.0
6853,-8.0
4641,-24.0
2881,438.0
1677,-24.0
4885,-10.0
1964,733.0
901,32.0
7130,-10.0
3068,-2.0
2296,19.0
6237,-23.0
5862,-8.0
296,11.0
8778,-9.0
57,-6.0
7242,-10.0
4385,27.0
2984,-4.0
27,-20.0
4407,-1.0
9877,-17.0
2676,6.0
8545,-22.0
5262,-13.0
5841,-33.0
7021,-20.0
3248,-1.0
5667,-21.0
3884,-22.0
7663,-14.0
295,-15.0
3161,1.0
2580,-2.0
3870,-26.0
9210,-1.0
4404,71.0
6952,-8.0
648,-2.0
1370,11.0
9855,161.0
6992,12.0
5532,26.0
9620,-2.0
5708,3.0
4209,-14.0
681,11.0
434,14.0
9309,-25.0
4824,27.0
9761,23.0
3159,-7.0
1489,-14.0
2987,1.0
812,7.0
1882,-1.0
9267,-2.0
4936,-16.0
9935,-7.0
1940,9.0
3296,-16.0
3534,-10.0
4525,-7.0
3729,-17.0
7015,14.0
1612,6.0
1181,-1.0
1375,-18.0
9224,55.0
3946,14.0
7210,-16.0
5211,-6.0
63,-15.0
626,4.0
4421,-15.0
1669,-7.0
2112,-1.0
5804,18.0
9763,-5.0
4032,42.0
6545,3.0
7948,-13.0
84,-24.0
9180,-23.0
1462,11.0
2283,-9.0
2887,13.0
5834,25.0
684,-14.0
4469,-21.0
418,6.0
5228,-13.0
4253,-4.0
2709,-19.0
2357,-5.0
8059,13.0
1366,4.0
6277,-18.0
3916,-17.0
293,-4.0
2639,-5.0
9458,-20.0
1506,-18.0
9037,45.0
7393,-4.0
1634,-23.0
2457,5.0
9891,-13.0
5558,-35.0
9751,9.0
2300,-9.0
4537,56.0
2938,-19.0
1563,-6.0
5689,-27.0
8658,-12.0
7517,2.0
1979,-20.0
1883,148.0
3803,-20.0
438,4.0
4635,-18.0
4528,-4.0
4332,10.0
3573,-5.0
8741,-2.0
8911,-9.0
4817,17.0
6435,28.0
2986,-5.0
7838,125.0
704,-19.0
2280,-7.0
8734,-27.0
4147,5.0
5412,-8.0
373,-16.0
6405,1.0
9223,-12.0
2585,-12.0
1332,-27.0
9572,96.0
5282,-17.0
9131,-9.0
8315,-1.0
9809,9.0
1784,-9.0
3182,-31.0
494,-10.0
7363,-7.0
2860,-1.0
7929,-11.0
4041,-24.0
7178,-11.0
2897,44.0
366,-9.0
849,-1.0
7440,13.0
9454,5.0
4301,36.0
2653,-10.0
3503,-16.0
1541,9.0
4165,-18.0
8866,-7.0
322,-11.0
2031,-17.0
813,-20.0
8939,-19.0
9375,-8.0
1079,-7.0
2226,27.0
9136,-4.0
9531,161.0
2705,-7.0
6824,-7.0
7556,35.0
1164,16.0
3261,-13.0
4687,-13.0
1450,0.0
3862,10.0
6103,-1.0
9215,3.0
7120,37.0
6398,0.0
9588,-5.0
6214,0.0
9645,-10.0
5336,167.0
4056,-9.0
9511,-13.0
2999,-5.0
9024,14.0
1231,169.0
1514,-26.0
2313,5.0
1451,-30.0
5267,2.0
6131,9.0
8531,63.0
6464,7.0
838,-17.0
9915,-30.0
8261,9.0
6414,-24.0
8504,39.0
3567,-19.0
9264,-26.0
3087,-1.0
8643,1.0
1714,60.0
339,-14.0
9563,-6.0
5942,13.0
9869,8.0
8102,-7.0
8488,-16.0
588,2.0
3365,55.0
2670,-11.0
3589,-24.0
34,37.0
28,-5.0
8553,-11.0
8117,2.0
2170,6.0
8377,-17.0
5620,10.0
889,-7.0
6489,6.0
3322,-9.0
9396,-15.0
3514,-1.0
4420,-24.0
8351,-13.0
5361,-14.0
3733,25.0
9463,-13.0
7081,-19.0
1654,513.0
5032,55.0
223,1.0
8625,-9.0
6194,13.0
1590,0.0
5982,-16.0
3256,-2.0
6680,17.0
4770,-6.0
2181,-26.0
6803,-16.0
4913,-17.0
6786,-19.0
4789,-12.0
1209,-18.0
421,-6.0
8740,78.0
1706,-36.0
1158,-25.0
2306,-15.0
273,-11.0
171,0.0
3956,5.0
6696,-15.0
3188,-9.0
8132,-14.0
4808,-3.0
8083,-11.0
1564,97.0
1782,-14.0
843,17.0
9345,-1.0
4461,-19.0
904,-15.0
5911,-1.0
9950,-3.0
9297,10.0
1547,-25.0
2080,10.0
9881,-9.0
3985,-15.0
6389,-12.0
7579,46.0
9245,44.0
6567,-15.0
8206,0.0
3820,-20.0
2646,-23.0
4454,-18.0
7159,22.0
8221,39.0
8596,-5.0
9589,4.0
6071,44.0
2155,-12.0
6712,-32.0
3715,-11.0
4057,39.0
5952,34.0
3102,-16.0
558,14.0
4610,-5.0
6978,18.0
1436,-13.0
507,4.0
1869,5.0
755,7.0
5419,-10.0
4050,-4.0
8089,12.0
3836,-12.0
2118,-10.0
6152,2.0
7808,-5.0
501,98.0
6259,-16.0
9743,-23.0
1539,-10.0
6141,-13.0
1211,-24.0
9122,-12.0
672,-19.0
3377,-20.0
8783,-10.0
1464,-31.0
1192,-19.0
6984,4.0
1872,-3.0
3590,-5.0
6726,10.0
505,113.0
8118,-3.0
506,-15.0
9449,-18.0
7131,-15.0
4807,-14.0
7303,-10.0
1773,-29.0
6854,-9.0
4906,-25.0
797,66.0
8785,-11.0
7070,-5.0
2829,-3.0
9319,3.0
8737,-2.0
312,-6.0
746,1.0
3569,6.0
790,26.0
2476,843.0
9325,7.0
2570,-22.0
5286,60.0
5215,62.0
2163,26.0
6577,3.0
8449,28.0
380,-14.0
8508,-7.0
1292,-57.0
1912,46.0
599,-14.0
3892,-14.0
4141,-12.0
1652,3.0
5224,2.0
1893,-6.0
1944,4.0
3395,3.0
5479,-14.0
9769,-9.0
375,-19.0
1966,106.0
3957,90.0
7135,-11.0
7478,30.0
4505,-7.0
9580,139.0
5288,-17.0
1471,-13.0
3346,-4.0
6253,-21.0
2853,-6.0
8988,0.0
9775,-21.0
6459,-19.0
4062,2.0
5863,-11.0
4306,2.0
4877,11.0
7249,8.0
5273,-20.0
3990,-10.0
1049,1.0
6175,-15.0
6926,-10.0
7864,286.0
2035,-15.0
4039,-19.0
6875,-7.0
9354,0.0
1972,-3.0
5072,89.0
2099,13.0
1499,-15.0
9612,218.0
652,-13.0
170,-8.0
4085,-17.0
242,95.0
5710,-10.0
6972,-19.0
2756,38.0
6884,-12.0
5446,57.0
2076,33.0
4103,1.0
9559,52.0
7571,-4.0
9466,3.0
4894,-20.0
6692,-13.0
8054,-50.0
5389,-9.0
9373,102.0
8021,-31.0
8604,102.0
4480,12.0
8326,-8.0
4078,6.0
640,2.0
1270,-13.0
2778,37.0
9497,8.0
3861,-8.0
3480,-10.0
1534,-10.0
325,22.0
2338,-22.0
3980,-24.0
6877,-13.0
4054,-15.0
2237,-17.0
7106,-7.0
9668,61.0
4745,7.0
864,-39.0
6203,-16.0
5508,-10.0
7429,-26.0
371,-21.0
6296,-8.0
5551,30.0
5723,-6.0
5899,-13.0
9287,24.0
7871,19.0
2364,9.0
3213,84.0
911,0.0
9047,-18.0
9790,13.0
7289,-1.0
9958,-22.0
6536,43.0
9192,-8.0
1423,55.0
9807,1.0
479,-11.0
662,-16.0
4476,3.0
8982,-10.0
8077,-19.0
2988,0.0
1119,-13.0
2776,38.0
9835,33.0
5003,3.0
6649,-11.0
7254,-19.0
4427,-12.0
7431,-14.0
3981,-22.0
6351,-22.0
2893,-15.0
2669,14.0
3977,-12.0
5259,-10.0
279,0.0
6730,-19.0
6104,-23.0
7020,0.0
1694,-31.0
8912,-10.0
3479,-24.0
4416,153.0
7592,-3.0
6282,-13.0
5603,-6.0
8619,6.0
7780,44.0
4296,-30.0
4593,-18.0
4844,8.0
2209,17.0
7605,-18.0
5501,-9.0
184,-24.0
4800,-15.0
4845,-12.0
2350,31.0
553,-13.0
1397,-16.0
1384,10.0
9182,-20.0
9817,44.0
297,-18.0
443,-27.0
7338,4.0
2077,73.0
7815,2.0
2229,-2.0
2842,-15.0
2537,-7.0
8145,-14.0
9536,-8.0
6443,-24.0
3367,-11.0
4486,38.0
2578,-19.0
1131,0.0
4818,33.0
320,-2.0
1371,-32.0
4042,-10.0
9125,47.0
5145,-20.0
907,58.0
9426,19.0
3950,-20.0
6145,-7.0
8886,-4.0
6695,76.0
4977,-12.0
6092,-19.0
8408,-5.0
926,-28.0
6143,139.0
15,-12.0
143,-24.0
2363,-19.0
129,-6.0
1161,-6.0
7551,-18.0
6129,-15.0
4665,-16.0
5660,-3.0
6460,37.0
1876,48.0
2488,-10.0
5327,-17.0
9361,-8.0
1182,-10.0
6135,-28.0
6377,0.0
1170,-14.0
2182,9.0
3371,54.0
8040,32.0
1859,28.0
4860,-11.0
9255,-4.0
8345,-30.0
7347,-5.0
4864,-10.0
9886,-10.0
6388,-8.0
3121,0.0
387,9.0
7785,-23.0
1032,41.0
7852,22.0
5418,53.0
931,63.0
4019,-23.0
691,14.0
5298,-17.0
6658,0.0
829,-18.0
3498,-11.0
2081,14.0
9440,-11.0
44,16.0
3939,0.0
5257,22.0
8437,-16.0
4319,-26.0
2965,-26.0
3969,-26.0
1187,8.0
284,-10.0
8873,-9.0
4159,217.0
3092,9.0
4556,-19.0
4584,-1.0
4323,-24.0
5504,-13.0
7074,-29.0
3364,-12.0
8025,-1.0
3195,-11.0
8810,-19.0
969,7.0
3734,-17.0
925,-16.0
9496,-19.0
6451,-6.0
8797,48.0
2851,24.0
5180,18.0
6723,6.0
9322,13.0
7810,-2.0
4471,-14.0
5168,41.0
4348,-10.0
7903,-17.0
3626,0.0
1789,10.0
8293,-13.0
2059,17.0
4013,2.0
1902,-13.0
5573,-4.0
6925,-14.0
75,797.0
2345,-14.0
5484,-22.0
430,-31.0
4586,-5.0
8099,-5.0
8457,-8.0
8156,-7.0
7893,-24.0
1553,-27.0
240,-7.0
783,-9.0
3066,-35.0
977,8.0
2941,5.0
5377,-3.0
4730,-20.0
1620,4.0
2146,12.0
1801,-4.0
2095,50.0
6074,-46.0
5245,-17.0
1357,113.0
8063,40.0
6050,-15.0
8368,14.0
6017,-1.0
9931,-18.0
8769,-25.0
7503,-29.0
1609,-18.0
3096,-6.0
9771,52.0
2415,20.0
2017,16.0
6018,-4.0
4125,-9.0
9802,-6.0
3246,-2.0
124,-5.0
6425,68.0
5308,-2.0
7463,-22.0
9157,-18.0
3341,46.0
598,2.0
2123,4.0
9498,-13.0
7685,-7.0
7049,33.0
9661,-9.0
2197,34.0
4051,-14.0
6054,-12.0
3362,-8.0
6851,-20.0
725,1.0
4934,4.0
978,-17.0
808,64.0
9603,59.0
1475,-7.0
5935,-3.0
9036,-7.0
7335,-4.0
3962,-14.0
6422,-7.0
4905,-15.0
1235,-4.0
1225,44.0
8049,-17.0
9278,10.0
8671,-15.0
5229,-19.0
6950,-1.0
3217,-24.0
287,-4.0
5023,35.0
2966,4.0
3164,-40.0
6003,-3.0
8887,-8.0
1657,-1.0
1975,-3.0
2397,-15.0
452,-5.0
8030,14.0
4696,-24.0
3681,-10.0
422,-17.0
9725,-9.0
657,-3.0
3301,14.0
6394,-16.0
2845,5.0
8291,25.0
7497,97.0
1001,-14.0
4198,-12.0
2418,-5.0
7482,1.0
5706,-10.0
3847,6.0
961,-15.0
1580,2.0
5007,8.0
2206,179.0
6312,-10.0
9562,-12.0
4231,56.0
757,82.0
2284,-28.0
6663,-13.0
4755,-20.0
8211,-4.0
807,1.0
6575,89.0
7719,-23.0
1956,-16.0
2445,-14.0
5875,-4.0
8163,-16.0
6138,-37.0
2402,-3.0
1073,-5.0
6557,223.0
4240,17.0
8509,-4.0
2091,-19.0
4527,-11.0
7202,25.0
6795,-21.0
7237,-12.0
7422,-14.0
6849,-25.0
6836,-23.0
1003,-16.0
9099,6.0
6562,-11.0
5614,23.0
4651,21.0
5313,-15.0
1485,-13.0
7607,-16.0
1411,-21.0
9303,-18.0
709,-11.0
9806,6.0
8042,-4.0
7211,-24.0
3076,0.0
8314,-10.0
4101,9.0
5114,-14.0
2722,6.0
9359,35.0
1268,85.0
2462,0.0
5464,-15.0
268,-9.0
3580,-18.0
5349,8.0
7290,74.0
5157,33.0
6601,-8.0
2821,30.0
5807,-18.0
589,-22.0
5955,-28.0
5254,-3.0
6661,-16.0
7656,-6.0
8725,-18.0
6896,12.0
7594,-40.0
2028,-6.0
6818,-8.0
677,44.0
5763,-1.0
1232,8.0
5296,-11.0
7103,188.0
5034,-7.0
5452,-4.0
2432,0.0
6319,-15.0
6119,30.0
9158,-11.0
9953,65.0
896,-17.0
1611,-18.0
6474,24.0
7661,10.0
7460,-7.0
3806,-16.0
8273,9.0
9451,26.0
4701,0.0
3961,-10.0
5417,-10.0
890,43.0
4999,-6.0
7506,35.0
7881,-12.0
5095,-8.0
6932,-11.0
9617,-7.0
2799,15.0
584,-11.0
3268,10.0
3932,46.0
1260,-16.0
6205,17.0
310,-11.0
7789,36.0
6458,5.0
6206,-23.0
5882,-14.0
4668,-14.0
4298,-15.0
3783,45.0
1008,-24.0
8354,-8.0
2185,-3.0
3623,3.0
7039,-12.0
4922,2.0
9673,-12.0
7950,-19.0
6125,50.0
4756,-5.0
5074,22.0
90,0.0
5974,72.0
6418,-14.0
8640,48.0
8690,-4.0
2117,61.0
2937,-7.0
6842,-6.0
983,-8.0
7260,-2.0
9985,-13.0
2925,-1.0
6061,-20.0
3214,5.0
6447,4.0
6779,96.0
7038,-12.0
5663,69.0
627,-1.0
8008,-7.0
5125,19.0
4765,-2.0
8143,-19.0
9594,-4.0
1269,-13.0
128,-2.0
6112,13.0
1711,-8.0
7862,18.0
4235,51.0
5192,-15.0
2398,-23.0
5434,-48.0
6057,-5.0
9318,40.0
1186,-10.0
6013,-4.0
9793,-25.0
6014,-23.0
1977,-2.0
9887,-11.0
4247,8.0
7672,13.0
915,-1.0
1305,-9.0
5455,-2.0
3049,-10.0
9521,170.0
1273,15.0
8055,98.0
2796,86.0
1398,-2.0
3358,100.0
183,-14.0
6867,-11.0
5695,30.0
8835,-18.0
9626,1.0
6170,87.0
6987,-14.0
4567,-11.0
8955,-4.0
2656,-19.0
8309,-10.0
6857,-18.0
1961,-20.0
6383,-2.0
8853,62.0
9973,1.0
1251,-21.0
3176,-26.0
7760,-9.0
5013,-27.0
9705,135.0
6539,3.0
3289,16.0
6448,27.0
8726,-16.0
7611,-1.0
6275,-6.0
6887,19.0
1051,7.0
4069,-17.0
6022,-21.0
5552,-8.0
272,241.0
2042,-9.0
4763,-27.0
8997,102.0
5204,-11.0
9509,-12.0
1086,7.0
8373,-26.0
7732,1.0
7515,-23.0
6678,-9.0
4322,8.0
6946,60.0
7747,85.0
6772,-2.0
5518,63.0
5117,-2.0
6179,-21.0
4709,-13.0
8121,43.0
5969,-12.0
6784,-10.0
3478,68.0
8414,-20.0
3924,1.0
1748,-19.0
732,-4.0
2553,-12.0
5458,13.0
5873,-14.0
2662,-13.0
9398,-3.0
6455,-17.0
3113,26.0
3303,-26.0
1344,50.0
1690,-20.0
7180,5.0
6499,-18.0
3308,-19.0
1504,-13.0
1806,-17.0
8469,-17.0
5369,0.0
3791,3.0
9520,-4.0
7329,-13.0
5909,8.0
6825,-19.0
7263,125.0
1848,-2.0
4512,19.0
2431,-12.0
4660,-19.0
8885,-15.0
5584,11.0
142,-22.0
8760,36.0
9211,-13.0
5264,-1.0
3409,-26.0
1117,-10.0
1756,-40.0
497,-5.0
8031,100.0
870,20.0
3357,-1.0
912,-1.0
721,-19.0
2805,-6.0
9943,-9.0
886,-14.0
9592,-4.0
6587,15.0
8100,-6.0
1520,37.0
8689,-16.0
2746,-1.0
6700,-13.0
5775,64.0
314,95.0
1799,10.0
327,75.0
5642,-8.0
4204,59.0
3129,-11.0
6860,-15.0
9905,-18.0
3968,13.0
5743,-5.0
6226,17.0
1973,-17.0
336,-5.0
2764,-15.0
7660,0.0
275,12.0
2985,89.0
5646,-20.0
5849,-8.0
3477,-3.0
7558,-22.0
3558,-8.0
2809,-11.0
9113,-20.0
4861,-19.0
6586,-32.0
3416,33.0
307,-3.0
3908,-18.0
348,-18.0
826,-17.0
9501,-13.0
4482,-4.0
6576,37.0
3682,-12.0
5876,-5.0
8387,-13.0
2053,-4.0
71,-4.0
5507,35.0
8514,-6.0
7510,-10.0
8151,-1.0
1666,6.0
7861,-20.0
9159,0.0
5688,-17.0
1445,-2.0
5227,-7.0
6982,-33.0
1695,20.0
2892,-1.0
1574,8.0
3203,10.0
4405,-4.0
1630,-27.0
8380,-10.0
1881,183.0
8821,-26.0
6463,-1.0
848,-30.0
9923,32.0
6188,-1.0
5869,-16.0
2877,13.0
186,82.0
3779,1.0
1830,10.0
8325,8.0
9241,27.0
6378,-14.0
1234,15.0
6964,46.0
3915,6.0
446,-28.0
844,-4.0
8062,1.0
5402,-20.0
2440,304.0
3103,15.0
8585,83.0
6791,-5.0
5650,-16.0
1294,-6.0
5079,26.0
9016,9.0
5067,-13.0
3442,44.0
8451,34.0
7273,-4.0
6105,-21.0
776,-15.0
9716,-25.0
2153,7.0
4920,20.0
5360,39.0
9735,-4.0
5957,-28.0
8411,-1.0
8432,-4.0
3183,-16.0
6792,1.0
3199,-2.0
9369,2.0
1289,39.0
4581,0.0
6192,89.0
8935,-7.0
7149,50.0
9846,-5.0
4106,-20.0
4126,12.0
8300,39.0
3966,215.0
1879,-20.0
8496,0.0
9299,-4.0
6348,-7.0
3587,1.0
7372,-19.0
3865,-20.0
8487,-22.0
4131,-2.0
1036,-32.0
636,33.0
6153,-15.0
4134,12.0
5338,-10.0
1083,-17.0
861,-11.0
903,-9.0
191,0.0
109,2.0
4455,-6.0
1942,-1.0
5856,-19.0
4331,-22.0
8541,5.0
2040,24.0
7331,-10.0
7317,9.0
7779,-4.0
4659,16.0
7313,5.0
2775,-8.0
4145,40.0
2323,-19.0
762,-30.0
2617,-12.0
2411,-5.0
1094,0.0
6173,2.0
7048,24.0
9272,3.0
3135,28.0
7787,-5.0
5040,39.0
3805,-14.0
884,-13.0
2654,-8.0
5921,-32.0
6187,-25.0
8085,-18.0
6742,-18.0
7626,-14.0
5680,22.0
7007,775.0
9686,-5.0
2202,-14.0
6107,-11.0
6417,31.0
1262,-7.0
8379,-7.0
975,-1.0
5831,8.0
4925,-6.0
941,41.0
4723,-17.0
2387,-30.0
9728,-7.0
5021,-17.0
4391,24.0
5148,35.0
3221,1.0
3882,11.0
9438,-14.0
6624,11.0
5918,3.0
2789,-12.0
944,0.0
8908,3.0
1857,-18.0
9080,3.0
4108,9.0
8513,8.0
3255,0.0
2690,-41.0
9512,-13.0
6961,3.0
1319,-13.0
8882,-21.0
9880,-3.0
5162,-10.0
5829,14.0
7953,-13.0
5958,-27.0
9271,10.0
3475,55.0
3505,6.0
4749,72.0
2477,74.0
9490,-13.0
6615,23.0
7413,-1.0
7586,-13.0
5344,-17.0
9863,11.0
7111,23.0
1874,0.0
8516,8.0
5270,-23.0
5096,-8.0
2904,-4.0
570,-1.0
1448,-15.0
5964,56.0
6242,-6.0
6347,-16.0
7874,41.0
9816,22.0
3226,-24.0
9744,-7.0
3978,-34.0
4383,-5.0
7856,38.0
3539,-24.0
5682,4.0
2827,-12.0
7658,2.0
4996,-21.0
1338,126.0
3262,20.0
6386,-4.0
7951,-11.0
650,-6.0
2902,2.0
2258,-17.0
7402,-12.0
3521,-26.0
2730,-7.0
5496,-18.0
4478,-16.0
1596,-36.0
7066,-27.0
2584,46.0
5441,25.0
3196,-17.0
8523,-14.0
7682,49.0
5376,0.0
1258,-9.0
5277,15.0
991,18.0
3504,45.0
113,-18.0
919,11.0
2509,-14.0
9404,-23.0
165,8.0
5263,146.0
4603,-18.0
949,-5.0
4594,-19.0
5727,-9.0
3770,5.0
2506,115.0
5107,0.0
2850,-16.0
6485,-14.0
5362,7.0
7442,-5.0
4446,-7.0
4460,-9.0
9513,-16.0
2505,-19.0
1114,-21.0
8397,-4.0
298,-13.0
1675,-23.0
3347,-27.0
2735,131.0
7819,-19.0
4988,-24.0
9894,-15.0
5817,-8.0
4325,9.0
6719,3.0
8786,4.0
4550,0.0
8572,-7.0
7847,-13.0
2103,-8.0
5813,1.0
9104,47.0
7453,-8.0
1837,-18.0
7902,-7.0
8318,58.0
8723,-1.0
607,13.0
8374,-11.0
1093,-29.0
6387,-1.0
6505,-35.0
8964,-4.0
4487,9.0
160,-18.0
203,11.0
7040,-13.0
5893,-13.0
4933,-28.0
2934,-12.0
7322,-12.0
2435,-7.0
1230,-27.0
8675,-7.0
3046,22.0
9654,-11.0
8419,2.0
7666,-8.0
6407,0.0
4251,22.0
5577,163.0
3293,-14.0
4034,32.0
8112,-28.0
4290,33.0
4334,-16.0
5931,-14.0
3877,0.0
5428,-8.0
4753,-29.0
4886,-4.0
857,117.0
8233,-24.0
8375,-12.0
2561,-12.0
3801,-16.0
2640,-6.0
9663,-2.0
4490,-13.0
2347,1.0
649,-1.0
2781,2.0
5652,-21.0
8543,-6.0
8677,-5.0
6433,10.0
615,43.0
8448,16.0
2575,-17.0
53,-17.0
3340,-12.0
7037,-38.0
1705,-10.0
9060,-26.0
9352,44.0
1493,-23.0
9963,1.0
5632,12.0
803,3.0
4953,4.0
6933,18.0
7104,30.0
990,116.0
2774,6.0
7470,-13.0
6419,-11.0
3513,245.0
5478,-8.0
8400,4.0
219,-8.0
6969,-23.0
1288,-9.0
3163,-12.0
4678,-21.0
2618,28.0
3612,63.0
43,-12.0
8094,3.0
8372,29.0
3792,-15.0
3571,7.0
9980,-17.0
1503,1.0
5556,-7.0
9830,15.0
3439,-10.0
1892,7.0
9323,-9.0
5255,-13.0
1955,147.0
5167,13.0
4814,23.0
6264,-3.0
1505,277.0
670,4.0
8907,-16.0
7055,5.0
897,74.0
6178,0.0
2666,117.0
3193,1.0
2890,-15.0
7773,-2.0
2621,103.0
6008,12.0
5956,-1.0
2,8.0
2370,-3.0
7914,0.0
1769,13.0
8506,-19.0
6025,-20.0
531,66.0
8724,-18.0
8649,-15.0
7873,-9.0
8890,7.0
3120,1.0
9022,-27.0
731,-21.0
3406,-18.0
2339,-15.0
5967,-10.0
6580,-5.0
2565,-16.0
7726,-15.0
7820,-30.0
6713,87.0
6995,-4.0
6942,114.0
7794,205.0
8975,-24.0
1255,46.0
2104,7.0
6734,18.0
9778,0.0
6224,21.0
9150,18.0
4994,-8.0
8969,-8.0
6839,179.0
5057,7.0
5846,-19.0
4434,-19.0
3484,0.0
9493,-15.0
5318,-24.0
3816,-2.0
5729,-8.0
8903,-7.0
7840,-15.0
9889,44.0
1621,-13.0
9423,-15.0
6307,-9.0
9304,-9.0
8902,8.0
1096,114.0
8057,-9.0
9481,11.0
2463,1.0
8289,-22.0
1788,15.0
250,-18.0
9926,0.0
6191,1.0
9650,0.0
192,242.0
820,-16.0
9627,-1.0
5714,-6.0
7195,12.0
5715,11.0
4400,-16.0
9290,-5.0
5388,0.0
4166,-12.0
4951,-13.0
2687,-33.0
4390,-2.0
5860,6.0
5981,3.0
4927,-17.0
6735,107.0
2607,37.0
7466,24.0
238,4.0
4015,-4.0
9262,-24.0
2977,-16.0
5712,-13.0
9856,-28.0
5473,8.0
945,-10.0
8251,1.0
7681,-15.0
5097,4.0
6805,9.0
5803,10.0
3552,-16.0
9969,-8.0
3360,-26.0
8249,-10.0
2410,-27.0
4507,33.0
8462,23.0
3982,-10.0
146,-16.0
6648,7.0
2294,-19.0
2253,293.0
3611,-7.0
5353,-60.0
1736,-18.0
7915,-6.0
7659,7.0
114,21.0
8860,-15.0
5649,-16.0
9844,12.0
498,-14.0
7822,-9.0
720,-2.0
7258,-29.0
8843,15.0
5730,-8.0
3089,1.0
7226,126.0
7306,19.0
6508,8.0
596,1.0
9092,33.0
6095,-2.0
6053,108.0
5164,-2.0
1647,72.0
8167,-17.0
6920,8.0
2700,27.0
8203,13.0
1700,-9.0
8943,-36.0
5404,0.0
7219,24.0
7502,16.0
2942,20.0
6301,-12.0
86,-10.0
2308,-24.0
2677,-33.0
8216,-9.0
7729,-6.0
2594,77.0
5884,2.0
1029,32.0
136,111.0
6831,-39.0
7814,-7.0
2854,-13.0
4409,8.0
1200,48.0
4717,4.0
9517,172.0
6594,5.0
566,-13.0
7328,22.0
5430,7.0
3927,-19.0
6055,-9.0
7589,34.0
7122,-20.0
6572,-13.0
6535,62.0
8913,-25.0
8275,-36.0
2330,-14.0
3515,-12.0
2187,44.0
195,-9.0
7257,20.0
5666,21.0
5059,36.0
802,-6.0
8848,51.0
9928,-27.0
2068,-4.0
9082,-16.0
8744,0.0
644,-20.0
9374,28.0
5103,5.0
5460,-2.0
1637,48.0
120,31.0
2981,0.0
5069,-12.0
3074,-26.0
8927,-9.0
3278,-6.0
2135,-11.0
8941,-15.0
4970,-6.0
6195,9.0
134,-8.0
7731,-20.0
5324,-19.0
9640,-24.0
6160,-13.0
2559,-29.0
62,-5.0
1358,-17.0
6725,-21.0
2467,-14.0
679,-9.0
6797,39.0
741,-19.0
5307,-9.0
7627,-34.0
3641,-25.0
444,-18.0
8140,-24.0
3258,50.0
4663,-10.0
1873,-7.0
6366,331.0
2596,-21.0
1717,0.0
2912,-10.0
2843,-24.0
4027,-11.0
5488,58.0
8634,-13.0
8037,-13.0
9232,-12.0
489,-11.0
493,-9.0
690,-7.0
3821,-25.0
602,-7.0
1911,-1.0
1014,-7.0
6156,7.0
1993,-28.0
5769,11.0
3757,-11.0
2366,-12.0
5283,33.0
4370,-20.0
6883,16.0
7011,59.0
1361,457.0
8461,-5.0
1526,-14.0
1327,4.0
8507,9.0
9031,-7.0
1551,-8.0
7769,-21.0
9908,-9.0
1337,-7.0
3901,75.0
3010,-14.0
5041,5.0
8825,-18.0
2250,0.0
6533,-1.0
5039,-17.0
2346,-4.0
9282,-7.0
5485,6.0
2784,106.0
5119,58.0
7550,117.0
5555,-18.0
5599,-17.0
7630,9.0
150,-17.0
2804,91.0
5874,15.0
2086,70.0
3751,123.0
5612,-25.0
2259,-58.0
4017,15.0
6113,37.0
6058,0.0
2424,-9.0
8034,16.0
3856,12.0
859,-6.0
8170,6.0
7591,-18.0
8097,-2.0
7320,-1.0
8563,-24.0
4739,0.0
8594,-23.0
4462,-2.0
5528,88.0
1364,25.0
1779,-18.0
9221,-16.0
4785,52.0
6334,0.0
1818,1.0
7799,-44.0
4937,16.0
2704,-13.0
5285,-4.0
175,-28.0
7481,3.0
2093,-4.0
8750,9.0
3491,1.0
1920,-6.0
82,-36.0
816,-6.0
8601,-1.0
7354,33.0
4396,-13.0
9181,38.0
5568,-39.0
283,-11.0
4120,-13.0
7480,2.0
609,194.0
2915,0.0
1813,-12.0
1271,2.0
5924,-16.0
9595,9.0
2994,-23.0
7109,-15.0
8613,5.0
7356,-9.0
2642,-49.0
6553,-11.0
4508,-12.0
2305,39.0
6502,-12.0
6260,27.0
4195,-20.0
5562,-9.0
4840,39.0
4655,3.0
8147,-21.0
4168,25.0
3849,-3.0
9847,-14.0
8401,33.0
5253,1.0
7884,-12.0
5533,5.0
2414,-37.0
3554,20.0
4691,10.0
4498,85.0
2195,-9.0
5045,-2.0
2600,-13.0
1518,70.0
4764,102.0
4314,-16.0
3366,-9.0
6065,-12.0
6582,-21.0
2633,-15.0
7337,-16.0
5633,15.0
9168,-13.0
8789,119.0
2434,-30.0
8277,-15.0
6758,-10.0
6611,-30.0
4520,-19.0
5587,-17.0
3545,195.0
5965,21.0
5992,46.0
8805,33.0
5531,61.0
5444,46.0
517,160.0
6110,-6.0
6864,-10.0
7960,13.0
1415,-28.0
4664,-6.0
4456,16.0
2761,-15.0
4855,-8.0
127,50.0
3474,99.0
7969,3.0
4310,-18.0
2438,3.0
3765,8.0
6876,-3.0
5896,-2.0
5840,-11.0
8842,102.0
9770,-12.0
1473,12.0
4821,-4.0
6915,-2.0
3560,80.0
3951,-15.0
49,-41.0
5437,-14.0
9897,23.0
887,-8.0
2616,-5.0
516,159.0
3168,-9.0
2949,-8.0
1424,-10.0
139,-3.0
1924,-21.0
2378,-2.0
3197,-35.0
5131,50.0
112,118.0
4559,-17.0
4595,-18.0
7997,-2.0
3250,-9.0
4690,57.0
8115,-6.0
7767,-30.0
4546,-12.0
7084,3.0
3277,-13.0
7542,-7.0
6593,-18.0
4068,-9.0
4408,-34.0
8644,-27.0
8588,-8.0
7384,-22.0
3222,0.0
8210,-7.0
451,-12.0
3731,-16.0
8953,-22.0
4986,76.0
3663,-21.0
2763,-21.0
658,0.0
7678,-14.0
7676,-12.0
4620,-3.0
999,-26.0
389,-15.0
3407,-11.0
1476,-4.0
2240,-14.0
2386,-16.0
9139,-15.0
992,132.0
4997,-22.0
3922,-18.0
2972,23.0
3386,55.0
7885,-9.0
8812,-11.0
4769,-8.0
1293,-23.0
1824,3.0
2873,-9.0
4173,7.0
2535,59.0
9132,-8.0
1907,-1.0
42,10.0
9491,-2.0
368,-14.0
1151,-11.0
7752,44.0
6358,-18.0
5912,-18.0
6507,-18.0
7525,37.0
4160,52.0
4287,3.0
7775,-9.0
6714,-18.0
174,-19.0
1903,-29.0
1099,-14.0
8114,-22.0
3408,-3.0
1538,6.0
2292,-11.0
9300,-5.0
1363,6.0
7188,-17.0
6627,-6.0
5260,-26.0
6815,-15.0
9461,90.0
680,177.0
9315,-10.0
9298,31.0
3664,-22.0
1661,3.0
508,-33.0
166,4.0
5497,-12.0
8299,1.0
1006,-6.0
9739,-4.0
1914,-16.0
3494,-15.0
9633,-15.0
9750,-15.0
6444,-9.0
4990,-12.0
2536,-8.0
1104,86.0
3875,-11.0
7523,-21.0
1752,-20.0
5310,-27.0
7296,6.0
2916,-14.0
8974,15.0
5754,-15.0
152,-4.0
7690,-15.0
5679,-22.0
3907,-3.0
9135,-15.0
2552,-6.0
2773,-24.0
6098,-13.0
3551,50.0
3722,-17.0
9870,-18.0
520,-5.0
8033,49.0
4538,-12.0
6778,1.0
1822,-7.0
4086,-10.0
6148,-18.0
8742,-23.0
9472,53.0
7741,5.0
309,-4.0
7720,-19.0
8222,-5.0
8656,22.0
3599,-6.0
3622,-10.0
3811,13.0
3450,-31.0
4591,-4.0
205,-8.0
9840,-2.0
1135,3.0
9384,-26.0
2749,11.0
3613,-8.0
305,-18.0
1849,9.0
7669,-9.0
1988,-28.0
3240,-4.0
2798,-4.0
4515,182.0
5630,-15.0
9372,-12.0
3109,80.0
4939,-11.0
4059,-17.0
1987,2.0
7157,51.0
8874,-13.0
6613,-14.0
383,-18.0
5634,-17.0
4307,-16.0
3388,233.0
3156,87.0
9995,-11.0
2727,-1.0
6333,-5.0
9899,0.0
8751,-14.0
8302,-30.0
6037,-9.0
3832,10.0
8917,-28.0
4776,-26.0
4276,-10.0
253,-21.0
7895,5.0
9590,-26.0
7288,-18.0
278,-6.0
3252,42.0
2480,14.0
289,4.0
6086,-11.0
3075,2.0
8123,172.0
7598,-4.0
6403,-22.0
5089,-27.0
7283,3.0
9717,-2.0
8402,2.0
6121,-19.0
7754,-11.0
270,-20.0
6009,7.0
4570,-8.0
9116,-21.0
9803,13.0
2971,-9.0
6193,-22.0
8768,153.0
4207,15.0
3218,11.0
1391,-26.0
3975,-10.0
4316,-5.0
7959,-25.0
7344,3.0
7448,-14.0
83,-24.0
873,-19.0
9605,92.0
7635,-23.0
4557,0.0
4500,13.0
4647,-35.0
2038,16.0
9694,-11.0
6909,-36.0
2450,4.0
3954,-20.0
2329,14.0
9124,4.0
7044,0.0
5042,-10.0
9364,-13.0
4746,-12.0
9367,-18.0
9402,-13.0
6491,-11.0
6637,59.0
7225,36.0
2401,-3.0
5520,-16.0
1216,0.0
8695,-11.0
6020,-30.0
6865,-17.0
1064,32.0
3786,23.0
4410,-19.0
6859,115.0
6760,-16.0
5523,-11.0
5996,-18.0
8833,-8.0
5888,-7.0
2161,39.0
3008,-20.0
1105,-16.0
6654,-2.0
692,-5.0
9957,-4.0
4956,8.0
6597,-4.0
8480,-58.0
4369,-10.0
2765,-1.0
3929,-7.0
7134,6.0
8735,35.0
7530,0.0
7528,2.0
628,17.0
2451,-5.0
6239,-4.0
7012,1.0
3824,-20.0
8977,-9.0
2652,-9.0
9107,5.0
3743,-16.0
2176,-21.0
9906,-6.0
9263,3.0
3318,-13.0
6343,-42.0
2787,3.0
4105,-12.0
6355,-25.0
1676,-9.0
3947,13.0
4444,5.0
2936,-5.0
9005,2.0
7766,72.0
5722,-2.0
7441,-4.0
2503,10.0
8482,-8.0
2369,-18.0
4967,26.0
5883,-3.0
2217,-21.0
5847,0.0
2218,-16.0
3326,17.0
6733,27.0
3583,106.0
9824,-8.0
3619,-5.0
7707,7.0
6432,-8.0
3115,-23.0
85,-38.0
5973,23.0
2801,7.0
3671,44.0
3667,-16.0
9794,-23.0
5158,14.0
5725,-10.0
4590,-6.0
2019,0.0
7831,14.0
2525,-16.0
8286,68.0
9206,-8.0
3212,-1.0
519,0.0
5366,-11.0
6762,-33.0
2895,2.0
244,36.0
5930,81.0
4714,-10.0
9567,-24.0
3425,66.0
6931,74.0
6720,94.0
7410,-25.0
6177,0.0
7250,-9.0
5509,-21.0
2001,-21.0
885,10.0
869,-19.0
9688,-24.0
5720,9.0
356,13.0
9907,-9.0
5451,163.0
8193,-6.0
6438,-3.0
7704,-21.0
1275,1.0
1890,-10.0
8686,2.0
6568,14.0
9623,33.0
3563,-17.0
5787,28.0
4958,-11.0
1546,8.0
2380,3.0
3823,-30.0
3232,39.0
8399,-8.0
3306,113.0
492,4.0
3499,-13.0
6664,2.0
1116,-11.0
5637,2.0
8774,-31.0
6146,17.0
9867,1.0
8775,-25.0
6707,-24.0
9948,-26.0
7965,0.0
3645,-22.0
2500,-9.0
5677,52.0
5241,-7.0
6518,-15.0
2783,-19.0
6158,0.0
3809,-6.0
9428,-22.0
9524,-2.0
8599,0.0
1696,1.0
5685,92.0
8367,20.0
5939,62.0
2052,4.0
1776,-16.0
6560,0.0
3313,-12.0
4781,-2.0
8538,-5.0
6781,-5.0
1592,22.0
1723,-11.0
215,7.0
6326,-7.0
8256,-7.0
490,-13.0
9133,2.0
3483,11.0
5102,8.0
5187,-10.0
3431,-19.0
9198,48.0
7710,-10.0
5513,-6.0
25,28.0
3512,-25.0
2409,-5.0
3270,-10.0
5209,32.0
8711,204.0
1552,-11.0
9197,17.0
8621,-24.0
3871,-12.0
3402,-12.0
4529,-34.0
979,-2.0
2655,-38.0
1847,-1.0
7964,-26.0
8240,-7.0
7145,106.0
7299,4.0
5721,-17.0
515,-10.0
8745,-2.0
8297,2.0
1102,25.0
3276,-25.0
7217,-13.0
7389,6.0
9077,-8.0
8337,27.0
3996,49.0
194,-21.0
4711,1.0
643,3.0
9089,-28.0
3285,-14.0
3116,98.0
6476,-18.0
3575,-9.0
9023,21.0
4320,0.0
9992,-26.0
2207,20.0
4552,-7.0
7316,-32.0
3718,-16.0
972,-22.0
4579,-16.0
719,-10.0
9017,-4.0
6155,-22.0
9430,12.0
3896,28.0
2803,-6.0
2566,317.0
4025,151.0
6198,54.0
32,7.0
8307,2.0
8831,4.0
9818,-11.0
4063,90.0
8948,2.0
5540,47.0
1697,-6.0
2792,-13.0
2222,-20.0
5818,-12.0
9662,-55.0
3764,-6.0
3866,13.0
6421,8.0
9399,-18.0
8938,-8.0
6671,7.0
7978,4.0
3758,-10.0
9774,-26.0
3227,67.0
7802,-5.0
3923,2.0
3904,21.0
2277,11.0
6810,-11.0
1401,-1.0
739,-6.0
4266,-12.0
9861,2.0
7352,-10.0
7518,-23.0
3851,-2.0
8631,-27.0
2661,3.0
6504,-15.0
9799,118.0
674,81.0
7105,-20.0
6360,0.0
3841,-28.0
1815,-10.0
9489,-9.0
9838,26.0
9201,-16.0
4653,-19.0
8692,-29.0
2100,-16.0
7711,-17.0
1673,-16.0
2101,-22.0
4213,-4.0
6958,-9.0
1548,114.0
9550,-14.0
3323,-9.0
9583,-19.0
355,-30.0
5184,-22.0
1461,12.0
7624,-9.0
9385,-18.0
3220,2.0
939,11.0
5147,41.0
5923,13.0
7883,5.0
1751,-7.0
9468,-5.0
7597,-7.0
1772,9.0
1196,-7.0
1878,27.0
2668,-15.0
3171,-31.0
2016,24.0
2005,194.0
8272,0.0
3893,-16.0
9991,-15.0
3237,-18.0
4424,-18.0
4744,-32.0
2078,-11.0
5219,246.0
396,-22.0
2788,0.0
8877,2.0
8638,5.0
4072,-41.0
5574,-1.0
8369,-9.0
9507,-26.0
5355,-1.0
7233,20.0
9483,-21.0
6820,-21.0
1519,11.0
8196,10.0
1378,82.0
5672,9.0
1023,14.0
2587,-26.0
7042,1.0
5621,-13.0
7637,-6.0
5008,-20.0
2857,-21.0
8254,-16.0
5771,-8.0
5842,-13.0
8027,1.0
5832,8.0
1629,0.0
4888,-8.0
4526,10.0
3523,-12.0
5904,-2.0
7781,32.0
3607,-7.0
9418,-9.0
5220,-7.0
234,-5.0
7755,-6.0
3796,-5.0
4118,-11.0
6318,22.0
5001,6.0
3800,-5.0
7809,-23.0
3899,2.0
5024,37.0
1948,-22.0
6361,10.0
470,-15.0
9944,-11.0
3492,-11.0
6091,1.0
2671,-24.0
9800,-18.0
2224,-7.0
1106,-16.0
2188,145.0
818,7.0
5571,-8.0
4523,48.0
5793,-7.0
9381,-16.0
8780,30.0
7459,-13.0
2624,89.0
7094,128.0
9392,11.0
9916,-15.0
9119,73.0
888,-15.0
2437,3.0
6056,-18.0
7064,-2.0
817,4.0
8934,10.0
3414,-12.0
6352,95.0
2341,-4.0
9029,-21.0
3167,-20.0
1809,2.0
8035,16.0
1264,-12.0
5086,-5.0
9675,23.0
5835,-16.0
5194,0.0
4449,3.0
4945,13.0
4045,-6.0
6503,-11.0
3702,0.0
1035,-4.0
9256,-6.0
5590,13.0
1228,10.0
9999,3.0
6811,-14.0
5141,-11.0
52,-19.0
9067,-7.0
8395,-16.0
159,82.0
7552,94.0
1587,52.0
1589,11.0
9841,-13.0
9328,-16.0
6930,-17.0
6596,0.0
6174,1.0
8098,-9.0
3858,0.0
9814,-12.0
6691,13.0
2828,-25.0
436,-25.0
8274,16.0
8168,37.0
3878,10.0
1588,2.0
2780,-5.0
8981,-9.0
8561,9.0
5686,254.0
3965,22.0
4727,-27.0
973,-29.0
1238,14.0
2951,-14.0
2342,25.0
6520,-13.0
7310,23.0
6046,-27.0
2158,-21.0
9288,-12.0
6589,21.0
1497,2.0
4545,-11.0
6465,20.0
4257,58.0
2422,-13.0
8564,-8.0
5185,1.0
5647,-23.0
357,-14.0
5242,-26.0
8011,-13.0
9240,157.0
2092,0.0
5409,14.0
2015,117.0
9059,-10.0
4044,-28.0
187,-36.0
6858,-10.0
3655,74.0
3426,-6.0
7194,44.0
1381,-20.0
7468,-16.0
413,-14.0
5037,0.0
4897,-16.0
3336,-6.0
3606,-9.0
3175,-12.0
2241,22.0
9708,0.0
7796,110.0
256,-25.0
8620,-19.0
200,-2.0
2235,-25.0
4743,-10.0
1767,11.0
4236,80.0
6729,49.0
8450,-12.0
7277,-30.0
1572,-9.0
24,8.0
3363,-16.0
1088,-5.0
4674,-37.0
2694,2.0
7582,27.0
3398,-11.0
3559,9.0
9156,2.0
2841,-13.0
2311,-12.0
8333,64.0
3234,-9.0
4152,-33.0
1309,7.0
695,-17.0
9859,-18.0
3752,22.0
6337,9.0
1227,-23.0
1999,23.0
276,-10.0
8176,-8.0
7664,-28.0
5929,2.0
2953,-21.0
3637,-10.0
3906,-44.0
4778,-15.0
5845,-32.0
9698,-28.0
4117,-22.0
7030,11.0
1137,-7.0
2767,-29.0
2334,6.0
7706,-8.0
942,1.0
7662,-3.0
2490,-31.0
9679,-11.0
6290,-7.0
4935,-13.0
3935,-11.0
6956,131.0
2384,103.0
115,-31.0
1863,-11.0
9976,18.0
3119,24.0
4258,-14.0
6705,-1.0
902,12.0
2819,30.0
3822,103.0
8161,32.0
6890,2.0
9090,3.0
4699,-28.0
8918,-38.0
3802,-9.0
6068,43.0
5810,22.0
3536,-14.0
3825,167.0
8642,12.0
8608,-38.0
4810,30.0
1946,-1.0
8600,-15.0
7136,-3.0
5335,34.0
3488,38.0
1610,12.0
7461,1.0
8473,2.0
4677,-15.0
4959,20.0
5867,-16.0
8763,-8.0
4761,14.0
2194,-22.0
8003,50.0
5701,-7.0
5113,-14.0
557,12.0
8065,-15.0
5139,-5.0
1207,-17.0
7033,12.0
7309,81.0
1510,1.0
6769,-12.0
3829,-7.0
3732,41.0
7957,28.0
3211,-6.0
3630,-24.0
1708,-8.0
1845,-17.0
266,-16.0
5985,13.0
1140,-31.0
3162,-18.0
6207,43.0
2046,-14.0
3730,38.0
1909,12.0
7307,-18.0
2660,49.0
656,-15.0
6660,22.0
1307,-7.0
9429,-13.0
998,-16.0
7432,-12.0
2834,-36.0
9178,-4.0
5880,0.0
1237,-28.0
2151,-6.0
7919,6.0
9695,-23.0
7189,0.0
8303,-12.0
6578,-8.0
5091,-8.0
2186,-30.0
1134,-25.0
5004,-6.0
7974,-10.0
1303,-39.0
8468,159.0
1627,-17.0
9281,11.0
1522,-1.0
9810,-4.0
358,0.0
138,113.0
299,-12.0
1556,33.0
5099,2.0
382,8.0
8312,-14.0
6948,27.0
4857,-12.0
3180,0.0
1439,2.0
7269,160.0
5673,-14.0
946,-33.0
2390,-10.0
5498,53.0
7073,3.0
9230,-18.0
2721,75.0
1932,1.0
7423,-6.0
3236,-2.0
3140,-27.0
4163,3.0
8888,31.0
3807,-7.0
9479,-13.0
6983,-30.0
8904,-7.0
9722,3.0
4154,-5.0
4172,-14.0
796,-8.0
2416,-16.0
7170,19.0
6139,-7.0
785,-18.0
7067,-6.0
3158,-19.0
123,-22.0
9457,0.0
9246,-16.0
2172,31.0
2169,8.0
6880,-10.0
4009,5.0
9296,-13.0
4340,40.0
910,-2.0
6268,62.0
7771,-20.0
2309,-14.0
9658,-12.0
3634,64.0
1257,17.0
6591,-23.0
4458,-5.0
6133,8.0
1178,-9.0
4652,165.0
6218,6.0
3650,104.0
442,-14.0
3415,-12.0
1399,69.0
1457,-15.0
7524,-19.0
5744,4.0
1054,3.0
8998,6.0
3275,-6.0
1463,-23.0
3699,-1.0
3759,-7.0
929,-10.0
5511,-6.0
6468,0.0
8412,0.0
1829,39.0
2928,6.0
8295,-1.0
6538,-14.0
4221,-11.0
3546,-16.0
5598,-19.0
8937,-12.0
7318,-28.0
8350,-8.0
2011,-24.0
913,-21.0
8248,-3.0
7265,-16.0
3219,1.0
2606,-22.0
3264,-19.0
4928,-15.0
8661,20.0
6564,4.0
8129,-7.0
6,-1.0
2980,-14.0
6583,-22.0
3361,-8.0
4774,-8.0
1943,12.0
7452,-17.0
5499,-12.0
1635,-11.0
1141,-16.0
2041,-5.0
6703,4.0
7818,20.0
2070,0.0
3134,49.0
5160,-24.0
8331,-19.0
5275,-25.0
2242,-32.0
1474,-10.0
8590,-22.0
1889,5.0
3435,15.0
7593,-30.0
7745,23.0
3705,34.0
2021,74.0
4020,-16.0
8830,-15.0
8443,-4.0
3500,37.0
2658,-7.0
8456,0.0
6888,11.0
1130,-17.0
5557,-14.0
7358,-21.0
1819,-4.0
7538,62.0
9386,16.0
4318,0.0
9604,2.0
4144,-25.0
4669,-2.0
1236,-10.0
5476,19.0
9836,6.0
1856,19.0
2282,110.0
8693,18.0
9320,-16.0
4093,8.0
7061,-21.0
5200,-18.0
6401,-16.0
9929,-2.0
3421,-25.0
9269,-10.0
386,-17.0
8548,-11.0
1628,-1.0
3585,-7.0
7412,13.0
2714,-5.0
7171,80.0
8435,-13.0
9321,-5.0
5659,24.0
3189,-5.0
9968,-20.0
4305,-6.0
909,-21.0
5385,-24.0
1996,-16.0
1866,9.0
1842,-19.0
2497,9.0
201,4.0
7905,-19.0
7724,5.0
5054,-29.0
5889,-5.0
4006,-19.0
9901,38.0
2702,-9.0
3449,7.0
331,-5.0
7139,-14.0
8960,-12.0
9819,3.0
7176,-41.0
2459,-14.0
1774,53.0
6628,0.0
7596,2.0
7986,-11.0
2686,-1.0
9147,-23.0
989,-14.0
9046,-9.0
8348,-28.0
8875,-17.0
8550,0.0
5806,-7.0
8733,0.0
8697,-3.0
6574,71.0
3052,-21.0
8637,-10.0
5462,11.0
173,-3.0
4954,-12.0
4615,5.0
3321,-31.0
7065,95.0
6246,5.0
6745,-16.0
3372,2.0
6048,-18.0
3311,-25.0
7416,-37.0
7293,-19.0
7584,-17.0
9377,-2.0
8811,-6.0
8160,11.0
4679,-17.0
3403,6.0
18,63.0
3691,6.0
8654,-11.0
4096,11.0
3628,-17.0
8862,1.0
2174,-24.0
1356,-12.0
5002,-7.0
7391,-5.0
6922,-40.0
5823,435.0
9502,4.0
5670,1.0
3112,56.0
182,37.0
3642,-17.0
8857,-18.0
1812,-6.0
7875,-17.0
8497,-4.0
4912,-5.0
5668,-28.0
8542,-20.0
1800,7.0
9251,-11.0
2429,2.0
5482,-2.0
6761,0.0
9839,-8.0
9635,-3.0
1968,-4.0
8339,-13.0
8141,-8.0
7696,209.0
7541,-6.0
4987,23.0
9756,-11.0
4650,-1.0
1159,44.0
1213,-1.0
7336,-5.0
1325,5.0
7512,87.0
7580,-17.0
4796,1.0
6796,-11.0
5808,-6.0
5943,1.0
9283,-20.0
8144,179.0
1455,-22.0
5410,-6.0
7129,-22.0
8892,-13.0
4962,18.0
2800,33.0
1644,-3.0
2140,-8.0
4536,-7.0
4457,-24.0
8951,22.0
5586,-23.0
4378,3.0
729,-1.0
4357,9.0
7748,-4.0
6716,-15.0
1936,14.0
3793,58.0
3736,22.0
2261,-17.0
4005,-12.0
1110,78.0
9028,82.0
5480,-7.0
2998,-20.0
2394,-5.0
1185,14.0
2007,23.0
193,-5.0
5611,-3.0
2901,-16.0
578,42.0
6219,-5.0
5525,-16.0
771,59.0
7839,9.0
2395,-9.0
1478,-23.0
1846,165.0
9108,-17.0
4274,-16.0
3740,-17.0
4600,8.0
8087,-2.0
8710,-5.0
6676,-7.0
6375,14.0
8124,-5.0
9538,3.0
4915,27.0
2073,48.0
4754,-5.0
1896,35.0
8552,20.0
6702,12.0
6317,-5.0
3659,-6.0
6581,0.0
2379,167.0
1447,6.0
342,19.0
5127,3.0
3136,0.0
2527,-44.0
727,-3.0
4577,-3.0
976,-7.0
8391,-19.0
5443,180.0
9034,-22.0
3516,42.0
7975,-18.0
9787,-11.0
3940,282.0
1299,47.0
9764,-31.0
1348,20.0
660,-23.0
5886,-10.0
1492,0.0
9946,-6.0
4589,-25.0
8530,-32.0
5154,-7.0
2315,-14.0
9614,3.0
9577,8.0
7024,38.0
1085,-3.0
2524,-32.0
8968,-22.0
5374,12.0
3198,-7.0
5751,-20.0
4008,15.0
5717,21.0
6657,-18.0
9357,-15.0
8790,59.0
67,-11.0
7923,-13.0
40,3.0
2269,10.0
2381,168.0
7341,-1.0
9961,-28.0
4916,-9.0
5322,-10.0
5773,-4.0
6232,-21.0
6963,-6.0
3447,-32.0
6816,20.0
2367,51.0
7981,-13.0
8166,-8.0
2512,-13.0
9619,-19.0
2723,-1.0
5948,1.0
9185,2.0
9004,189.0
1143,5.0
9736,-23.0
7222,-8.0
8292,7.0
9220,0.0
4728,-13.0
5494,115.0
5755,7.0
7562,37.0
3789,-6.0
2220,10.0
5075,-4.0
2331,-15.0
5394,15.0
7439,-10.0
8067,32.0
7090,-30.0
9336,-8.0
4088,-16.0
1967,-3.0
9363,3.0
9796,17.0
6757,253.0
9586,9.0
4365,-10.0
6999,-3.0
423,-13.0
280,11.0
1904,6.0
595,33.0
8579,-12.0
3917,-4.0
6142,-16.0
5661,87.0
5778,8.0
3618,-3.0
6845,-21.0
839,45.0
4596,-12.0
7496,14.0
141,-20.0
2597,-12.0
6701,38.0
7756,-17.0
1377,-9.0
3674,-1.0
8770,-11.0
9895,-8.0
6362,-35.0
4741,-20.0
3808,67.0
1138,-15.0
2257,-17.0
7865,-6.0
1787,9.0
3938,-9.0
9316,15.0
4646,-14.0
459,-9.0
6115,10.0
9542,45.0
948,1.0
3700,-11.0
1336,2.0
6370,2.0
4628,9.0
6286,-8.0
5925,30.0
5934,-5.0
6040,24.0
441,-10.0
6659,27.0
1602,22.0
2238,300.0
639,-18.0
9820,-8.0
3830,5.0
9395,68.0
6144,5.0
7985,-26.0
9052,-10.0
6344,-15.0
2501,2.0
1958,-20.0
1070,33.0
155,-7.0
2295,-12.0
9801,144.0
4578,-10.0
1089,-5.0
6049,40.0
6415,9.0
2940,12.0
723,-20.0
4384,-17.0
930,-5.0
2909,-20.0
7845,-4.0
6763,-13.0
8388,2.0
6416,-2.0
895,-30.0
3247,-10.0
2326,-5.0
7096,8.0
9505,-6.0
7581,-28.0
9742,-11.0
5038,29.0
6450,-22.0
4136,-11.0
9248,-25.0
1715,11.0
1698,-18.0
9690,-21.0
9549,-19.0
9971,-13.0
8224,-13.0
3831,-20.0
6299,16.0
3348,2.0
9518,63.0
985,20.0
1821,-15.0
4571,-7.0
587,14.0
9757,-20.0
5077,1.0
7782,-18.0
8323,1.0
9522,-12.0
9967,-17.0
5483,-21.0
7746,1.0
9280,-4.0
5514,144.0
9527,424.0
8871,-18.0
5553,2.0
3557,-9.0
1395,-14.0
264,26.0
3547,-8.0
6844,7.0
7628,25.0
6788,-5.0
3069,-8.0
5025,-13.0
8396,-3.0
3864,13.0
9072,-8.0
2400,27.0
6274,-10.0
8484,16.0
3711,-15.0
246,22.0
1594,16.0
9682,22.0
1529,-28.0
8223,-18.0
923,-12.0
7553,-22.0
4364,4.0
669,39.0
3604,30.0
5108,-7.0
1910,64.0
8344,1.0
5248,-14.0
7183,-12.0
3958,7.0
6957,13.0
6026,-24.0
5643,-16.0
2696,25.0
2591,-35.0
5906,-20.0
1781,-2.0
6509,-19.0
3013,8.0
7133,0.0
2307,1.0
7276,-20.0
3690,47.0
687,-8.0
6011,-17.0
7071,-9.0
612,-8.0
7167,9.0
9205,-22.0
3200,12.0
2267,10.0
9781,33.0
6629,77.0
4135,-8.0
1898,-10.0
9530,-12.0
8153,-10.0
258,-16.0
2924,-3.0
9424,-6.0
4943,5.0
2822,11.0
6529,2.0
3339,-9.0
3525,-21.0
4563,-15.0
9656,-13.0
7908,-16.0
5329,0.0
5223,-23.0
2285,1.0
6063,62.0
4654,-15.0
5000,-4.0
6710,-29.0
9324,-2.0
484,71.0
2211,-29.0
5416,-1.0
7563,7.0
2555,4.0
7,29.0
3657,-7.0
6411,-9.0
9164,17.0
4874,-27.0
4402,-4.0
8916,128.0
5546,-22.0
5297,-19.0
2426,-24.0
6744,18.0
1814,104.0
6822,-14.0
9625,-10.0
2274,0.0
1011,37.0
1577,-3.0
7264,16.0
1067,-7.0
1991,-10.0
3970,3.0
9073,18.0
5879,-16.0
8430,49.0
4542,14.0
9326,3.0
7193,-3.0
3867,-5.0
9415,5.0
6823,0.0
3048,-30.0
781,-13.0
6747,15.0
2675,0.0
1749,-2.0
6222,-7.0
7946,35.0
2791,-40.0
6519,-17.0
5774,-7.0
6357,-30.0
4979,-10.0
7588,-1.0
1091,-13.0
6526,-12.0
9607,-14.0
4627,-18.0
2324,7.0
6534,-8.0
8971,25.0
5055,-27.0
2608,-9.0
9020,133.0
2290,-10.0
1727,-16.0
610,-7.0
4666,11.0
8051,4.0
5413,2.0
343,31.0
4683,85.0
8784,-2.0
3750,-20.0
8453,-5.0
9307,7.0
5999,-9.0
3215,-1.0
97,62.0
7387,-11.0
7665,-11.0
5176,95.0
7279,-21.0
6165,99.0
1537,-5.0
3588,32.0
9442,-24.0
6985,-5.0
3648,-21.0
2657,110.0
9826,-9.0
1517,-15.0
5061,3.0
9349,-24.0
4624,-8.0
4272,-23.0
3669,14.0
6566,-17.0
5800,0.0
2090,-4.0
7097,46.0
6171,1.0
572,34.0
9558,-8.0
4688,-2.0
9074,-32.0
3062,-20.0
9293,-11.0
6470,-34.0
7160,-15.0
6633,-26.0
8491,15.0
7925,36.0
7345,-10.0
6304,-7.0
7900,-24.0
9439,24.0
8185,29.0
4479,-5.0
4948,-12.0
5976,-8.0
370,-18.0
1938,45.0
2352,0.0
7127,-15.0
1753,-11.0
3670,-24.0
7298,3.0
3652,-12.0
5201,-25.0
7909,-3.0
2361,0.0
4260,-6.0
5432,33.0
6285,-18.0
4991,-9.0
7600,183.0
9462,8.0
3737,39.0
7520,7.0
8559,5.0
8926,-8.0
9990,-20.0
5591,20.0
1171,0.0
7370,-17.0
7937,9.0
8086,-15.0
1422,-14.0
6782,-6.0
9443,200.0
8139,0.0
9350,36.0
8018,11.0
6339,5.0
9647,-32.0
874,74.0
2297,-14.0
2643,-14.0
7531,0.0
1719,-18.0
5347,-20.0
5932,-11.0
840,11.0
9937,-3.0
581,-4.0
204,-25.0
1641,160.0
2014,17.0
3253,-32.0
7540,2.0
905,29.0
631,-3.0
8420,-18.0
7823,-5.0
1974,36.0
162,11.0
4998,-2.0
1243,-1.0
9450,-27.0
7764,9.0
4713,-11.0
875,0.0
1431,184.0
8738,-7.0
6868,-5.0
4643,3.0
5080,-16.0
5783,-39.0
9138,173.0
7616,-31.0
8039,-16.0
7955,-9.0
9437,32.0
2856,-7.0
1861,-14.0
2659,0.0
3384,3.0
9564,21.0
9776,2.0
8090,-16.0
8347,-21.0
7462,-22.0
6886,0.0
4733,-6.0
3331,-1.0
9006,-18.0
8635,-6.0
6404,-9.0
8346,56.0
9464,-2.0
7060,0.0
2096,-11.0
2003,20.0
8804,-8.0
9732,162.0
4676,-6.0
5017,-10.0
7469,-14.0
546,121.0
1449,-11.0
3986,22.0
6900,3.0
2610,-4.0
1900,9.0
3920,-19.0
2757,0.0
6124,2.0
6397,-18.0
1885,-14.0
9823,67.0
5738,-21.0
8667,83.0
5890,-6.0
2097,-8.0
9289,-10.0
5692,20.0
499,7.0
5624,-12.0
836,156.0
3471,8.0
4697,23.0
6280,-7.0
8883,8.0
2171,-26.0
9231,2.0
5678,1.0
9184,98.0
398,20.0
2010,-4.0
5166,-27.0
5871,0.0
9792,-9.0
1283,-30.0
8390,-11.0
2448,72.0
4256,-5.0
1836,-5.0
9596,-6.0
1019,-8.0
5066,68.0
1326,5.0
8752,14.0
475,-11.0
2810,-20.0
8632,-4.0
1651,-11.0
9611,-14.0
1169,1.0
2528,29.0
1206,-2.0
6256,-16.0
7926,17.0
5469,-13.0
9383,-3.0
431,-7.0
7700,-3.0
867,-18.0
2974,-14.0
5236,-6.0
5093,-14.0
5433,6.0
541,-9.0
5195,0.0
1132,172.0
9837,14.0
4501,-3.0
6354,6.0
9333,-12.0
3390,-28.0
3888,1.0
2962,-2.0
4155,-16.0
3259,5.0
6302,11.0
6034,16.0
7918,-7.0
9936,16.0
2583,-13.0
2813,-6.0
3959,5.0
2947,-25.0
6643,-21.0
5174,12.0
6841,-11.0
8298,-19.0
3586,-16.0
9228,-6.0
7988,-19.0
2563,4.0
2630,4.0
3190,-12.0
7778,-38.0
7645,-13.0
5036,-12.0
1080,-18.0
4283,200.0
9711,-5.0
7085,159.0
2085,-36.0
6345,-8.0
2452,482.0
4966,25.0
2023,1.0
8071,-27.0
8987,2.0
8718,-25.0
7321,-3.0
226,86.0
1013,-7.0
6679,328.0
1929,-3.0
1043,2.0
5251,-22.0
1404,0.0
2179,-17.0
697,-12.0
1124,-6.0
7378,14.0
3895,-13.0
8217,-4.0
5110,-8.0
1778,35.0
7786,-15.0
2634,-12.0
7187,8.0
7544,0.0
7604,-18.0
3489,-11.0
8259,-9.0
1037,-13.0
6093,-9.0
2256,13.0
8188,15.0
2613,-17.0
313,-14.0
2649,-11.0
2281,-1.0
6741,2.0
2979,-34.0
2547,-5.0
5512,39.0
5132,-7.0
2159,14.0
7080,-2.0
3137,-27.0
9079,13.0
5850,-14.0
9865,16.0
6445,-21.0
3967,-12.0
1428,-12.0
8422,-20.0
2520,-7.0
7837,3.0
4969,-3.0
1855,-22.0
8884,-16.0
5602,-18.0
9344,-6.0
9868,-26.0
448,-9.0
7703,-10.0
1284,14.0
5995,-11.0
7899,155.0
3727,-4.0
7353,-16.0
361,5.0
6279,-13.0
5230,-3.0
8942,-14.0
7295,-20.0
8891,-18.0
7534,-27.0
6251,1.0
5926,-25.0
5149,-7.0
2460,10.0
22,-10.0
2066,-15.0
1653,-2.0
702,316.0
8490,69.0
2743,-21.0
1376,1.0
1724,-7.0
2468,-18.0
3754,0.0
2325,-9.0
460,-22.0
5163,-12.0
4183,2.0
5526,-17.0
4082,-5.0
1486,-17.0
3678,-18.0
282,-15.0
6579,-20.0
4558,5.0
4308,-20.0
6684,14.0
4865,-11.0
3537,18.0
3868,20.0
7003,-9.0
2581,-10.0
1368,-32.0
9469,13.0
8197,53.0
597,14.0
4351,-7.0
6346,-17.0
8976,-2.0
6379,0.0
4758,-15.0
646,-14.0
6381,-7.0
7527,3.0
9697,-12.0
6023,-17.0
7954,-11.0
7165,-14.0
3468,23.0
7797,32.0
7697,-21.0
2990,-18.0
9407,-5.0
4875,-16.0
2544,-17.0
8595,2.0
5341,70.0
1567,24.0
9994,-21.0
4066,6.0
3988,-16.0
7031,-33.0
2160,-25.0
685,97.0
7602,-17.0
7784,-22.0
3243,-26.0
5844,-4.0
9219,-8.0
2461,78.0
4083,22.0
2837,50.0
3697,-18.0
7128,-16.0
6267,-6.0
4941,-41.0
5946,-2.0
4583,-26.0
5784,-4.0
4040,32.0
2230,157.0
7569,45.0
935,-11.0
2320,9.0
4878,-36.0
521,-16.0
522,52.0
5345,40.0
9876,-5.0
3359,-15.0
1311,-9.0
3983,-2.0
6494,-19.0
9560,-7.0
1716,126.0
780,4.0
8798,111.0
8231,-3.0
5607,4.0
5978,-15.0
651,8.0
3747,0.0
2196,-13.0
8418,57.0
369,170.0
9884,-17.0
8005,-22.0
4214,-13.0
377,34.0
9446,-14.0
2216,-25.0
8682,-8.0
1613,29.0
6979,2.0
7549,-8.0
1827,-12.0
3632,-1.0
962,12.0
2993,-13.0
6606,0.0
9672,-5.0
2376,20.0
8880,-5.0
359,-6.0
3839,8.0
8184,-13.0
1246,-16.0
7504,-9.0
8349,176.0
6511,54.0
5087,47.0
3694,-6.0
1573,-7.0
6281,30.0
5439,0.0
2567,8.0
3423,-9.0
2037,-11.0
9243,0.0
772,-7.0
5380,-1.0
9568,-20.0
3562,-18.0
562,-9.0
6683,-22.0
2546,-6.0
5510,-4.0
5330,-1.0
9667,-19.0
4531,-11.0
1674,0.0
7395,27.0
365,-3.0
8016,-13.0
9376,-14.0
4327,-2.0
9983,-11.0
147,21.0
1668,-9.0
3088,-4.0
8844,-8.0
7650,-32.0
407,105.0
9584,-8.0
7788,30.0
3456,-3.0
6186,-3.0
4182,-15.0
3576,5.0
3271,12.0
4940,68.0
1031,89.0
8872,4.0
6230,50.0
6592,-14.0
8906,-21.0
9811,-3.0
6724,-6.0
8029,32.0
8052,-7.0
855,-14.0
3926,-7.0
8547,-3.0
78,1.0
7088,359.0
2247,-10.0
8263,-14.0
4026,-6.0
9949,-6.0
9571,-2.0
9295,-7.0
714,-2.0
7451,-7.0
788,21.0
2279,-6.0
4095,2.0
3897,28.0
7944,122.0
7177,-9.0
9076,17.0
9452,7.0
3631,-5.0
8624,0.0
7297,-9.0
6272,-14.0
424,-5.0
392,193.0
3191,0.0
16,2.0
6335,-16.0
4200,11.0
2672,-17.0
2444,-40.0
6697,-17.0
6164,79.0
2601,-4.0
3493,-8.0
6044,86.0
1459,-18.0
3804,-22.0
9845,-17.0
7394,-20.0
4839,22.0
8111,46.0
3835,7.0
9313,-5.0
5683,56.0
8748,221.0
5827,-2.0
9748,-19.0
4724,280.0
8759,-21.0
5887,-9.0
2355,1.0
6036,-2.0
4798,-10.0
2442,-2.0
8645,25.0
4592,31.0
8772,125.0
464,-4.0
163,-32.0
9261,9.0
9433,-4.0
8405,-5.0
9777,-19.0
9478,-17.0
7380,0.0
6636,183.0
241,14.0
2009,1.0
6356,-14.0
3084,8.0
6208,-35.0
900,-5.0
5542,35.0
6007,-30.0
7638,-11.0
6793,-22.0
8869,-10.0
7758,-10.0
4837,-5.0
2293,-7.0
6548,0.0
7898,-12.0
7977,-1.0
4481,-5.0
5302,-6.0
4605,-10.0
3716,185.0
9071,0.0
6140,-1.0
1764,-6.0
6598,-4.0
1549,-23.0
3029,101.0
8653,22.0
6298,-12.0
6662,125.0
6626,-19.0
2044,-26.0
767,12.0
5693,61.0
7870,54.0
7795,-16.0
1508,-21.0
7230,-7.0
7857,3.0
3302,3.0
4517,9.0
4219,10.0
9078,2.0
9940,-12.0
3292,-13.0
819,1.0
1403,-5.0
1382,-8.0
2148,-23.0
6928,-6.0
5671,-11.0
1638,-11.0
5891,-6.0
7427,-2.0
608,8.0
6907,-20.0
399,-7.0
7247,2.0
6406,-21.0
882,-7.0
3565,78.0
4285,-19.0
1179,-8.0
5448,-17.0
4244,-15.0
5218,46.0
3976,5.0
2130,-3.0
5078,-17.0
456,1.0
5582,8.0
5175,-3.0
1950,0.0
5372,-5.0
689,-8.0
8852,-15.0
6525,-17.0
9821,-12.0
6488,0.0
6921,-3.0
1953,-13.0
7634,-7.0
5636,0.0
7154,11.0
8424,-8.0
6610,32.0
2710,-9.0
8730,-1.0
3201,22.0
4349,24.0
4138,-20.0
1884,-20.0
8639,-5.0
4485,70.0
2494,593.0
5947,-17.0
3036,-12.0
5777,-9.0
3603,-8.0
845,0.0
542,-7.0
3724,-8.0
4187,21.0
3679,-15.0
8899,111.0
7967,4.0
8485,-8.0
6075,-4.0
7340,-9.0
8225,-14.0
7246,-8.0
9710,-7.0
8290,-12.0
7137,69.0
2964,-5.0
7559,2.0
2529,-12.0
7284,-13.0
5772,-25.0
1048,3.0
7045,-9.0
1960,-15.0
2530,-47.0
9048,-1.0
7603,-6.0
6524,-9.0
237,-5.0
4917,-7.0
6479,10.0
1133,-20.0
6976,-12.0
5901,-17.0
9057,-7.0
4259,-12.0
8840,-10.0
6965,-17.0
9979,-2.0
792,62.0
1985,-7.0
5656,-15.0
8739,225.0
7935,-10.0
6097,-41.0
5907,-1.0
7373,25.0
8128,3.0
2978,87.0
8861,-10.0
9301,11.0
6721,-19.0
7842,0.0
5524,7.0
8721,28.0
8431,85.0
9008,26.0
8603,-28.0
7174,-16.0
3919,-12.0
3138,18.0
9416,-16.0
9933,19.0
5789,-11.0
4073,50.0
3287,-20.0
3229,-21.0
1826,-4.0
5548,-7.0
593,0.0
2725,-6.0
4137,8.0
560,-1.0
7406,-28.0
8806,-9.0
8386,-9.0
243,-6.0
7268,33.0
5435,-5.0
4437,-3.0
9684,-15.0
8106,256.0
405,-4.0
1442,-7.0
261,0.0
4406,113.0
7633,-3.0
9533,-25.0
1689,-19.0
9866,-2.0
1725,7.0
8994,-19.0
4930,54.0
5962,-16.0
2496,-32.0
9014,0.0
6904,-16.0
6106,84.0
8200,-4.0
340,51.0
2408,-31.0
1601,-19.0
9864,115.0
8359,3.0
5782,-12.0
4576,40.0
7971,-11.0
3725,59.0
2556,-3.0
2785,-3.0
1523,-4.0
7717,-13.0
2507,4.0
2831,-5.0
1012,-11.0
5280,-5.0
4895,131.0
1766,49.0
4551,2.0
7121,-10.0
6549,-14.0
4037,-28.0
8270,178.0
148,108.0
285,5.0
7800,18.0
9651,42.0
363,-2.0
5367,17.0
9945,26.0
8410,51.0
9453,0.0
4725,18.0
7271,9.0
6770,-2.0
4443,-13.0
7446,3.0
236,-6.0
7709,-2.0
9585,-11.0
2562,21.0
7123,-9.0
8536,-21.0
9602,-24.0
5519,-17.0
9613,39.0
3083,-12.0
2959,-6.0
2102,-37.0
632,-29.0
6813,-6.0
2493,-15.0
2665,65.0
8494,-12.0
8425,142.0
9266,-15.0
4211,-6.0
3874,-7.0
2817,-12.0
8268,58.0
9815,-8.0
7426,-22.0
8602,-8.0
8475,103.0
1735,12.0
7397,-20.0
4255,-10.0
8288,-3.0
2475,4.0
9984,-5.0
3713,120.0
8978,112.0
1804,-8.0
707,-8.0
9191,12.0
5189,57.0
5472,12.0
72,-6.0
7843,8.0
5101,-8.0
6764,104.0
1125,-25.0
1241,11.0
8253,-21.0
2349,-24.0
6602,-10.0
6780,-8.0
4358,46.0
1343,-26.0
9988,-5.0
8679,11.0
9575,-18.0
6652,59.0
1100,-19.0
7327,-8.0
7622,-17.0
987,17.0
2852,39.0
630,-34.0
1249,-38.0
3179,19.0
482,70.0
3040,-13.0
5010,-21.0
8727,2.0
7000,-27.0
3273,174.0
7227,-20.0
3683,4.0
6674,-7.0
6807,-8.0
9738,-4.0
1316,47.0
3225,-30.0
1072,0.0
4815,0.0
8459,-1.0
5752,63.0
9145,-9.0
4616,162.0
3097,10.0
6869,14.0
1300,-31.0
7285,1.0
6284,-7.0
5495,0.0
5291,-2.0
1798,-10.0
5203,12.0
8227,265.0
5047,-2.0
6441,-13.0
8105,-10.0
2359,-10.0
9380,129.0
3654,-7.0
7052,38.0
1286,5.0
9126,40.0
4445,-14.0
2137,19.0
6787,-20.0
9752,13.0
8510,-2.0
9539,50.0
6894,174.0
8569,5.0
7151,4.0
963,-23.0
6012,-8.0
4882,1.0
140,4.0
9032,-15.0
6936,-3.0
6542,-13.0
5243,7.0
4431,-15.0
406,-10.0
8212,-10.0
8376,9.0
8627,65.0
8234,0.0
4399,-4.0
5252,-16.0
11,-18.0
4760,-9.0
1177,-10.0
2863,10.0
6471,-7.0
6228,-7.0
2989,-16.0
7117,-13.0
7010,0.0
8557,-20.0
1440,-14.0
9747,9.0
2875,5.0
9098,-21.0
8788,-5.0
7232,-9.0
3726,-15.0
2772,17.0
454,7.0
8189,-15.0
1367,-8.0
3712,35.0
9852,17.0
1388,-18.0
1000,32.0
7761,-2.0
3553,-8.0
4114,5.0
1667,1.0
3173,-19.0
9397,-5.0
488,-2.0
3230,4.0
3828,-7.0
8651,6.0
5208,1.0
7848,-34.0
5704,2.0
9639,-13.0
8133,4.0
703,-15.0
5105,-18.0
8893,-19.0
3291,-11.0
8125,-35.0
9631,-21.0
9021,-28.0
4909,-3.0
4440,-30.0
986,-25.0
9236,-6.0
9883,-6.0
7705,-19.0
6257,0.0
6089,-10.0
5238,-19.0
1198,-5.0
9070,-39.0
7519,-13.0
6812,106.0
8320,3.0
7175,-11.0
4470,-12.0
891,3.0
1969,-15.0
5757,-10.0
6527,-5.0
6294,14.0
7595,-9.0
3249,-11.0
6570,16.0
6638,-10.0
7351,25.0
9172,-14.0
7473,30.0
9601,-3.0
8673,-12.0
1239,5.0
2289,3.0
2740,-7.0
4585,-3.0
1229,-12.0
6980,-36.0
5178,0.0
4293,-5.0
1058,-7.0
6262,3.0
281,-17.0
968,-5.0
3953,-10.0
1939,-13.0
8464,1.0
1274,-28.0
619,-8.0
8505,-21.0
1742,-13.0
1390,21.0
2203,0.0
3568,-7.0
6116,-26.0
9970,-21.0
6052,-29.0
3178,-1.0
3192,25.0
6099,-20.0
7029,4.0
575,92.0
6656,-6.0
7115,9.0
8802,94.0
6276,50.0
8984,-10.0
5897,18.0
5724,-13.0
269,63.0
629,-11.0
3081,-4.0
3466,0.0
6430,50.0
9311,7.0
7062,53.0
9727,-14.0
5543,-4.0
4356,7.0
2113,1.0
8219,39.0
3216,5.0
3814,0.0
8321,-21.0
8589,5.0
2278,8.0
4599,-20.0
13,-24.0
9225,-20.0
1525,14.0
2365,-9.0
4648,15.0
374,3.0
8521,-6.0
6477,83.0
525,0.0
6895,-31.0
3591,-3.0
7904,-18.0
2958,-35.0
529,-8.0
3714,5.0
4732,-18.0
1394,46.0
5631,48.0
6563,-11.0
4703,-11.0
1712,7.0
9755,-10.0
955,-17.0
6675,-3.0
3453,-29.0
2071,-11.0
9740,16.0
158,-5.0
7005,0.0
352,-5.0
6078,47.0
6236,-14.0
2920,6.0
4644,6.0
661,94.0
7057,3.0
3665,-20.0
7979,5.0
306,-5.0
4790,38.0
2356,-3.0
1927,-11.0
9939,2.0
3427,40.0
3638,200.0
1266,-5.0
1560,-11.0
7179,-6.0
4109,104.0
7867,-28.0
4904,13.0
7294,273.0
514,-9.0
894,8.0
21,-15.0
899,-11.0
207,-5.0
458,-26.0
2430,-13.0
8442,144.0
3389,-16.0
3911,9.0
5383,167.0
552,-15.0
3144,-16.0
6917,-17.0
2056,-2.0
1925,5.0
634,-10.0
6082,42.0
9270,65.0
9678,-16.0
105,-22.0
3041,-12.0
1709,-13.0
89,-18.0
7014,-25.0
3174,-9.0
917,-17.0
7833,-2.0
6732,-5.0
1949,43.0
6368,-18.0
1,-9.0
8032,15.0
6047,3.0
2720,0.0
9812,-15.0
3117,-6.0
9465,-2.0
3762,-33.0
213,5.0
778,-4.0
3496,-16.0
8817,-12.0
2043,-38.0
5420,-6.0
6154,-19.0
8357,-21.0
8707,33.0
8465,-14.0
4167,-10.0
3788,19.0
583,21.0
9911,-16.0
9986,-4.0
116,-3.0
6644,122.0
9033,7.0
9951,-17.0
8959,-31.0
1763,-3.0
1875,-11.0
3224,-14.0
526,-9.0
7725,0.0
2946,-9.0
4473,-15.0
5655,43.0
6059,26.0
959,-13.0
6342,-15.0
3633,36.0
1050,-17.0
3380,203.0
3676,-18.0
5776,6.0
9045,-3.0
6573,-2.0
5179,-11.0
1607,-29.0
3610,-13.0
9758,-37.0
6635,-12.0
9997,10.0
791,-24.0
3056,50.0
1980,-21.0
3598,5.0
933,-9.0
7424,4.0
5626,-24.0
1682,-11.0
4179,-16.0
6446,-14.0
4116,-16.0
988,21.0
2896,-7.0
3778,27.0
5658,-16.0
3093,-18.0
3155,-1.0
1823,-11.0
9622,-7.0
1098,1.0
2844,-26.0
3342,10.0
38,-33.0
6540,16.0
9473,-15.0
3356,0.0
7813,3.0
8220,3.0
9227,-5.0
2428,-14.0
5043,-23.0
5346,157.0
4811,-4.0
8476,-19.0
686,-22.0
4799,10.0
7437,-26.0
2353,-3.0
6353,-5.0
4569,23.0
8213,-7.0
2752,79.0
8073,-11.0
1040,-17.0
7491,-34.0
1265,14.0
9265,321.0
7059,-19.0
277,23.0
5084,-7.0
2382,-1.0
571,-8.0
1435,3.0
5352,-12.0
5445,-19.0
1007,62.0
4543,3.0
8816,28.0
2064,-31.0
1136,-33.0
5343,117.0
294,-25.0
2403,-8.0
3998,8.0
3741,-32.0
9222,-7.0
2719,26.0
9199,-12.0
5150,-13.0
2808,12.0
556,-17.0
8925,11.0
4795,-10.0
2469,-18.0
3738,33.0
4286,-10.0
2604,20.0
362,17.0
6924,-12.0
1704,-2.0
2139,10.0
3239,-7.0
2383,-4.0
7314,-6.0
4311,-15.0
1312,-8.0
3930,-14.0
6183,-33.0
1591,-21.0
9387,-31.0
2162,-8.0
2396,15.0
317,77.0
5233,-16.0
5068,-13.0
4036,0.0
3020,42.0
8228,-23.0
5295,-22.0
3972,-5.0
5370,-31.0
4133,45.0
974,1.0
7291,-20.0
954,14.0
9306,-15.0
5016,-13.0
9730,260.0
7490,0.0
1640,-10.0
1290,-2.0
1380,-6.0
1933,-25.0
4675,1.0
892,21.0
7287,-17.0
4876,9.0
7906,4.0
8194,-23.0
9379,5.0
2466,-11.0
7657,-6.0
1913,95.0
2736,-13.0
726,236.0
7214,-8.0
8245,-37.0
1796,-12.0
3845,-17.0
6402,-33.0
936,-20.0
2265,-21.0
824,20.0
7274,-30.0
1389,1.0
3564,-34.0
5429,1.0
7827,8.0
5690,-10.0
7878,38.0
1868,0.0
8202,11.0
7486,-14.0
806,9.0
4805,-10.0
9152,12.0
7511,-19.0
8056,-7.0
4494,-9.0
2632,-6.0
8900,2.0
8623,-1.0
7832,-35.0
4388,-14.0
145,1.0
6467,-4.0
2033,-2.0
9127,-8.0
1165,-13.0
2050,-16.0
3760,-13.0
4435,72.0
3430,13.0
8190,-17.0
8753,-2.0
7069,-6.0
4361,4.0
1771,5.0
3511,-10.0
271,-21.0
8436,-2.0
2032,92.0
9664,-21.0
3810,-21.0
4346,-12.0
545,14.0
3241,-34.0
8502,3.0
9918,-20.0
7564,-7.0
920,-15.0
9118,-2.0
6640,-31.0
7694,-16.0
8230,51.0
7126,-7.0
4278,-16.0
2983,-13.0
130,-13.0
7980,-15.0
2667,-13.0
7138,12.0
3223,2.0
7693,-5.0
5392,-19.0
614,-13.0
9902,25.0
1466,-9.0
4497,580.0
3042,117.0
2419,5.0
5085,5.0
3294,18.0
6737,-7.0
1500,-14.0
1521,10.0
9117,-16.0
4232,-19.0
7686,12.0
4430,-15.0
390,-14.0
9858,-19.0
7124,-1.0
5913,-14.0
8592,-18.0
4806,-3.0
8954,-11.0
8238,-11.0
8044,19.0
9782,16.0
3993,1.0
9551,-27.0
6609,-12.0
5319,-18.0
7119,-6.0
2421,51.0
5604,-10.0
1750,11.0
9015,11.0
9718,0.0
338,28.0
8407,15.0
1341,-18.0
9544,-5.0
7982,-29.0
3640,-20.0
329,46.0
8828,12.0
3004,0.0
6960,0.0
4090,-5.0
2322,19.0
6667,21.0
7009,-10.0
4197,0.0
3549,17.0
8363,-10.0
4203,-6.0
9310,-2.0
8936,2.0
6185,59.0
1639,20.0
60,59.0
1240,39.0
5760,83.0
5136,-8.0
2343,9.0
2120,2.0
1524,-15.0
7617,-13.0
153,-22.0
481,-23.0
6122,12.0
7674,-12.0
7101,123.0
1762,-20.0
7715,0.0
9081,-13.0
7479,-3.0
6212,-12.0
4853,-3.0
2711,181.0
6766,-23.0
4150,-25.0
1333,4.0
8378,-5.0
9389,-27.0
9707,32.0
9121,-23.0
3850,-15.0
8340,76.0
4124,-3.0
8963,32.0
4788,6.0
2866,-11.0
1386,-3.0
5941,-9.0
3067,-15.0
9058,14.0
3629,80.0
9455,13.0
8949,7.0
3028,9.0
2969,-13.0
8646,-5.0
6136,7.0
8801,-36.0
4263,-8.0
645,-6.0
9653,146.0
2074,102.0
341,-35.0
8041,-10.0
1622,10.0
7141,-7.0
5796,-5.0
7184,-9.0
8232,68.0
5475,338.0
9252,14.0
74,-13.0
8633,0.0
9229,-24.0
2051,3.0
2541,3.0
1301,-24.0
5877,0.0
7368,-13.0
1304,-3.0
8428,1.0
9094,-20.0
2599,-25.0
2573,-12.0
3186,-20.0
2768,19.0
4831,-8.0
4223,38.0
9649,-26.0
2106,-4.0
2679,-10.0
1387,-10.0
8931,-7.0
9659,24.0
7083,-17.0
1279,4.0
804,20.0
1555,-29.0
9486,-10.0
4566,-8.0
9669,-6.0
4841,11.0
3594,-12.0
6035,-16.0
6852,-24.0
8705,-9.0
4177,4.0
1308,-25.0
3452,-25.0
3695,35.0
4242,-31.0
2198,-5.0
4425,-2.0
6150,-33.0
943,-22.0
822,-4.0
5005,-18.0
6612,0.0
8356,-3.0
5619,5.0
4547,0.0
2538,-25.0
5207,7.0
9514,-9.0
9009,6.0
3054,36.0
3675,-17.0
7776,-12.0
7218,10.0
6722,50.0
3300,0.0
3310,53.0
7221,-15.0
8519,-20.0
5954,40.0
832,-17.0
3462,1.0
7643,-34.0
54,-5.0
3451,8.0
6305,-2.0
1481,-6.0
4873,0.0
8038,35.0
3335,51.0
6016,-13.0
4926,-12.0
5797,-28.0
9831,3.0
5083,-8.0
6645,16.0
5490,2.0
768,80.0
2065,-1.0
9500,-6.0
7311,-4.0
8477,57.0
4524,-24.0
2717,-34.0
2079,-14.0
8914,-7.0
951,-12.0
8058,-6.0
2482,35.0
1759,1.0
4422,80.0
6704,-25.0
5182,-3.0
8533,5.0
3701,84.0
4243,-1.0
688,-10.0
3432,-16.0
4944,22.0
966,12.0
9484,27.0
2713,-26.0
4757,-11.0
9545,18.0
6320,-26.0
5975,-10.0
3572,59.0
5299,-13.0
1990,-15.0
1205,0.0
4971,2.0
6783,-6.0
3600,4.0
6490,-9.0
8609,13.0
9978,-3.0
8070,35.0
8577,50.0
7973,-4.0
1625,2.0
536,-22.0
8766,45.0
7970,-25.0
4212,-15.0
6456,-27.0
3507,146.0
8393,-18.0
7112,-9.0
2708,-11.0
5031,0.0
6514,-10.0
4662,11.0
4021,9.0
1854,12.0
9425,28.0
2872,-19.0
3030,-15.0
1645,-23.0
3417,-12.0
3476,-19.0
9552,-16.0
1792,2.0
3797,-10.0
3368,10.0
7196,-20.0
9641,-23.0
5109,-8.0
6024,5.0
8795,-18.0
9294,-16.0
126,61.0
5959,-18.0
3876,-29.0
4451,3.0
7147,-8.0
3531,-11.0
827,-21.0
7790,-19.0
984,7.0
7783,1.0
2443,0.0
8554,1.0
345,-1.0
814,-4.0
6166,59.0
5779,33.0
2116,-18.0
793,0.0
6898,-23.0
2674,-12.0
94,1.0
4225,-2.0
3756,0.0
2891,-19.0
2371,49.0
9388,14.0
3228,-14.0
7863,0.0
6359,3.0
9196,46.0
7326,5.0
6028,-20.0
1865,45.0
4612,-31.0
2645,8.0
2243,-1.0
5373,-32.0
2336,35.0
950,-10.0
1120,-38.0
2204,73.0
419,-21.0
922,-25.0
8669,-11.0
5408,160.0
5788,56.0
5742,-2.0
7667,56.0
5567,-9.0
8135,-9.0
1202,-16.0
5765,-15.0
8389,126.0
1970,-18.0
4018,-12.0
3687,-2.0
1997,-6.0
4033,8.0
1248,-4.0
2192,-8.0
2712,-22.0
2190,3.0
4670,-26.0
5142,2.0
5984,-11.0
6565,-17.0
7804,-3.0
6943,50.0
2136,-19.0
1065,142.0
600,-19.0
4227,-18.0
7577,-21.0
77,-8.0
7546,-23.0
2898,29.0
4820,-12.0
9302,13.0
6413,-4.0
9064,-8.0
8007,-4.0
5468,14.0
5951,-8.0
3391,7.0
5415,-9.0
2560,8.0
8162,-28.0
2635,5.0
5256,42.0
3530,5.0
8567,-14.0
1908,0.0
235,-7.0
1604,-1.0
7984,17.0
3490,-13.0
1994,-8.0
2824,253.0
9285,0.0
1342,-8.0
8512,-12.0
1619,-29.0
5287,-9.0
2060,34.0
9955,-3.0
2219,13.0
6038,-3.0
260,65.0
9365,-16.0
9093,-17.0
3744,-20.0
2026,50.0
6988,-20.0
4234,23.0
1917,2.0
1828,-25.0
6233,162.0
9332,-13.0
6283,10.0
4208,-9.0
224,-25.0
8915,-19.0
6469,-4.0
9413,78.0
846,-4.0
4289,-24.0
5560,-17.0
2551,-33.0
117,-40.0
8837,53.0
5966,-6.0
8195,-32.0
8659,63.0
7489,25.0
5,-7.0
5342,-29.0
9111,-15.0
4324,-8.0
1063,-7.0
2590,57.0
8434,0.0
3735,-3.0
3517,1.0
6986,10.0
6767,19.0
5622,-2.0
1605,7.0
1733,30.0
9341,35.0
3812,19.0
9624,-4.0
1761,89.0
5401,-7.0
2739,-3.0
2472,115.0
6738,-24.0
6891,-23.0
7943,3.0
4206,-10.0
6371,-17.0
232,-2.0
8258,-20.0
7561,194.0
6168,-8.0
3596,-1.0
6288,-8.0
4632,-6.0
125,1.0
7641,-2.0
6229,-1.0
1296,42.0
1976,-2.0
9480,6.0
9581,23.0
5750,-3.0
8152,39.0
3086,-1.0
9276,-21.0
6882,-11.0
9305,5.0
7673,0.0
3345,-9.0
8172,-7.0
9421,-11.0
5870,36.0
6506,12.0
2797,-22.0
918,-2.0
1646,-3.0
5122,18.0
5126,6.0
4621,5.0
6809,24.0
364,-9.0
2125,10.0
8150,-15.0
8717,2.0
55,-19.0
638,-11.0
302,0.0
5811,-6.0
1276,-19.0
4432,-28.0
3644,5.0
4143,1.0
2878,-12.0
6493,-17.0
5240,19.0
9408,-6.0
6937,22.0
7240,24.0
2593,82.0
2393,-13.0
523,-3.0
6376,-15.0
6981,85.0
6677,-11.0
3900,93.0
9634,-14.0
5585,-1.0
9360,-29.0
7956,-17.0
7570,-5.0
6777,-33.0
671,-11.0
4188,1.0
666,-17.0
3266,-1.0
1887,-16.0
8472,23.0
9091,-19.0
7687,-7.0
6031,-15.0
6090,-3.0
6238,0.0
7350,22.0
7830,-32.0
760,-5.0
6254,101.0
1906,38.0
3818,0.0
6269,4.0
4300,33.0
5569,36.0
7941,-20.0
4164,-4.0
5971,-19.0
3579,-22.0
2832,-18.0
5449,0.0
3472,-5.0
6327,-5.0
137,-11.0
7043,-10.0
4892,-16.0
2180,14.0
7730,-5.0
3177,-11.0
4854,8.0
4637,41.0
5115,16.0
7648,5.0
4261,1.0
1331,-3.0
7002,-8.0
6941,6.0
8017,-7.0
6241,-10.0
9987,-3.0
6881,-7.0
4530,-6.0
4673,-9.0
6996,-6.0
1252,-3.0
3374,2.0
2814,3.0
4719,-7.0
6544,-11.0
4858,-2.0
7901,-15.0
8580,47.0
8427,17.0
1077,-22.0
4363,-28.0
770,9.0
8865,-30.0
249,-21.0
7239,-10.0
3419,-7.0
4976,7.0
4544,20.0
5565,-13.0
7939,6.0
716,-30.0
9652,-8.0
2048,5.0
5997,948.0
6600,-4.0
7245,-5.0
4178,0.0
4809,0.0
9482,-13.0
7140,-1.0
7190,-12.0
1460,-3.0
5989,-48.0
2000,-11.0
8175,97.0
404,-8.0
384,57.0
9448,-19.0
9487,-12.0
1633,8.0
9853,-5.0
4784,-34.0
9456,41.0
6970,-2.0
3925,-26.0
4158,28.0
7449,-31.0
8415,4.0
2193,-17.0
1015,-15.0
5124,0.0
7418,3.0
7409,-14.0
8989,-1.0
2871,-3.0
9,-12.0
1838,-30.0
4804,-3.0
255,-21.0
7026,-48.0
5713,-8.0
3324,-3.0
7714,15.0
1581,21.0
924,-12.0
2779,-6.0
7891,-5.0
6132,2.0
5320,26.0
7312,2.0
7102,-9.0
6042,-7.0
3775,-5.0
4835,-19.0
4964,13.0
539,14.0
7483,135.0
2745,4.0
3719,-2.0
6819,-21.0
9337,19.0
4468,-14.0
667,-3.0
7575,104.0
8549,-8.0
5063,-16.0
1353,-25.0
7114,-25.0
9773,22.0
8662,12.0
2703,6.0
3330,0.0
8053,-3.0
3584,11.0
9441,-10.0
5645,34.0
3376,0.0
1256,1.0
6190,1.0
5348,-12.0
4175,-20.0
4910,13.0
1852,38.0
6316,-4.0
9854,-10.0
2105,-14.0
133,99.0
5029,-20.0
928,-27.0
823,5.0
7576,14.0
1531,-15.0
1214,-3.0
504,97.0
6530,-22.0
3072,-8.0
9086,96.0
8647,-14.0
6619,-6.0
9273,11.0
3709,-1.0
4849,-16.0
4748,-13.0
4268,-8.0
9878,3.0
8905,5.0
4186,-15.0
5301,-4.0
2923,-16.0
6588,-10.0
1810,71.0
3486,72.0
7419,23.0
3141,-9.0
9347,-15.0
1324,-8.0
4312,76.0
7494,-17.0
8702,21.0
8691,-15.0
9503,-15.0
5541,72.0
6172,-14.0
1540,-23.0
9409,2.0
2681,-10.0
9882,33.0
6313,58.0
1191,0.0
5293,-7.0
1542,1.0
7056,-21.0
2539,-14.0
953,-5.0
7241,-18.0
6731,-36.0
4846,-37.0
6801,-24.0
8010,6.0
4330,62.0
8924,-11.0
5334,-12.0
7330,-2.0
9348,-31.0
4729,73.0
6541,2.0
5305,-3.0
5161,0.0
7860,4.0
2156,-3.0
1062,-13.0
1167,-14.0
3636,-13.0
7651,-14.0
5588,-11.0
7192,-3.0
4491,-4.0
7266,-11.0
4980,-13.0
8335,-11.0
9952,-6.0
4946,80.0
2782,-21.0
717,17.0
2502,24.0
4360,-17.0
4171,-1.0
8082,0.0
9760,12.0
395,-26.0
7186,-8.0
9822,29.0
4492,-36.0
1365,28.0
9526,37.0
8787,-14.0
5917,-5.0
4968,-25.0
2914,11.0
5644,-1.0
3766,-4.0
3440,-8.0
7357,-15.0
6806,1.0
2143,-1.0
5104,-23.0
5073,914.0
1571,-3.0
4079,-19.0
1122,14.0
2786,-22.0
2967,-6.0
2504,-9.0
5988,-28.0
8867,0.0
7164,-10.0
728,-8.0
7587,12.0
7543,-20.0
412,25.0
5745,15.0
7668,-13.0
825,-19.0
3267,-1.0
3974,-4.0
8808,-7.0
8306,-16.0
417,-2.0
6748,29.0
8967,-32.0
2082,-12.0
8945,0.0
3373,-16.0
5726,-29.0
4107,-10.0
4380,16.0
7723,-13.0
1066,-8.0
3913,-18.0
5536,2.0
8002,-20.0
5387,-7.0
5732,156.0
2738,-23.0
5052,5.0
4000,5.0
2427,84.0
6833,-15.0
1687,-28.0
851,-10.0
6303,34.0
9087,-10.0
5878,-10.0
8527,-7.0
2839,21.0
4611,-12.0
9540,-14.0
9207,14.0
2489,-18.0
6905,-7.0
7390,-9.0
2849,23.0
6665,2.0
5881,4.0
4452,-2.0
7421,-16.0
6484,8.0
2479,-17.0
6617,-14.0
2141,-5.0
5188,288.0
9704,-7.0
2744,-20.0
7253,-5.0
3506,-1.0
1679,1.0
4249,-2.0
3147,-18.0
8130,-18.0
7004,-14.0
580,0.0
4070,-20.0
3343,-11.0
7404,-18.0
3672,2.0
559,-5.0
5237,1.0
7805,-22.0
512,-21.0
1081,8.0
1664,-5.0
9204,0.0
1931,38.0
9666,3.0
1150,0.0
2838,-17.0
5949,98.0
8308,10.0
8932,0.0
9788,-8.0
5177,-18.0
830,31.0
8311,29.0
4752,0.0
9850,-5.0
635,-22.0
4465,4.0
6799,-2.0
7987,10.0
7079,-2.0
6966,0.0
4142,-15.0
7027,-14.0
9183,-11.0
876,-6.0
4869,-5.0
5315,-3.0
5222,9.0
4,28.0
3051,-10.0
5691,-21.0
3124,7.0
2491,-3.0
3854,-4.0
4777,-14.0
7509,0.0
6457,-25.0
6293,-13.0
1148,-2.0
574,-15.0
3769,20.0
4146,52.0
853,33.0
5919,-5.0
9358,-8.0
6614,-14.0
6002,-14.0
9163,8.0
4495,0.0
8173,18.0
6655,84.0
2368,-19.0
4780,-17.0
7992,10.0
2950,-20.0
5625,1.0
6971,-21.0
8716,115.0
1841,-8.0
5986,74.0
537,1.0
2806,-17.0
5801,1.0
5596,-18.0
7206,12.0
7343,57.0
7560,3.0
8096,-9.0
784,-18.0
1409,132.0
154,-16.0
7806,32.0
3009,54.0
1686,-8.0
4014,75.0
7455,4.0
3863,26.0
2733,-14.0
1895,-5.0
5442,-22.0
569,-2.0
6709,-8.0
5854,6.0
1816,-11.0
8319,-4.0
3394,7.0
3327,115.0
9982,-9.0
6102,-30.0
2975,0.0
980,-17.0
190,61.0
9331,-20.0
5088,12.0
699,0.0
9759,0.0
606,-28.0
301,18.0
3420,20.0
9804,-21.0
1060,-8.0
3444,-10.0
1069,-17.0
2205,16.0
9435,-27.0
7339,5.0
8208,18.0
7679,-22.0
4642,-6.0
7683,39.0
9007,18.0
7996,55.0
5600,-3.0
9151,-12.0
7022,11.0
4893,117.0
225,5.0
3354,161.0
5895,43.0
8754,38.0
3436,85.0
1693,7.0
6893,-15.0
1045,23.0
3446,-14.0
8050,-12.0
9146,-5.0
9981,-19.0
4735,-2.0
4496,0.0
1218,-12.0
6015,6.0
9719,-11.0
3987,-17.0
4911,24.0
9492,-6.0
4493,16.0
6944,13.0
5699,-15.0
8352,-8.0
956,18.0
2869,-23.0
4433,-9.0
4973,-29.0
2961,-17.0
2200,29.0
98,-13.0
9849,-8.0
2557,-27.0
8445,22.0
4199,12.0
9637,-34.0
5539,48.0
1648,6.0
6197,-34.0
6295,-10.0
4499,-9.0
1154,-12.0
2255,-5.0
3170,-13.0
7400,-19.0
7158,11.0
3108,-17.0
4548,-3.0
5423,-4.0
2049,2.0
9208,-9.0
8815,-18.0
9797,-10.0
262,-13.0
4061,-20.0
5534,-5.0
6616,-8.0
8120,43.0
8155,-7.0
1802,-25.0
4736,-16.0
2385,-7.0
6694,-16.0
5759,18.0
1959,-1.0
2976,-7.0
8680,-34.0
1843,-28.0
1734,-12.0
2911,-13.0
8338,7.0
1986,-1.0
9561,-6.0
6546,-5.0
7098,-17.0
2811,-16.0
659,-32.0
2511,-9.0
4282,-12.0
9339,-26.0
8800,121.0
6287,-10.0
1930,-17.0
7125,-2.0
197,5.0
7777,-23.0
2931,-26.0
8004,-26.0
2327,-6.0
4389,-10.0
8958,55.0
4218,-17.0
202,-2.0
3510,17.0
4931,-10.0
5535,-8.0
5791,138.0
1707,5.0
5172,-6.0
5249,-2.0
6528,-11.0
9848,54.0
5855,-18.0
8164,19.0
854,13.0
4737,14.0
698,-7.0
3696,40.0
1636,-3.0
7280,-24.0
7554,-8.0
3581,-19.0
1291,-5.0
6585,-11.0
1853,-37.0
5232,-11.0
3763,-21.0
3304,-10.0
1495,-17.0
7994,-23.0
1998,-25.0
663,-8.0
3748,30.0
4413,6.0
5530,3.0
5575,-19.0
8901,-6.0
7526,13.0
9474,-24.0
5864,-22.0
6776,39.0
1306,-7.0
7392,13.0
5592,26.0
9721,5.0
1663,22.0
5450,2.0
9954,3.0
3627,-5.0
2693,106.0
9789,-21.0
5915,-10.0
3157,3.0
6668,-5.0
1059,11.0
4636,-8.0
3242,75.0
1678,-1.0
6892,-13.0
6374,5.0
7574,-10.0
1757,-24.0
6019,13.0
5116,-8.0
8755,1.0
7408,-15.0
2790,-2.0
863,2.0
7858,-10.0
1484,-11.0
7035,-13.0
7721,-15.0
5977,-32.0
5134,-28.0
206,0.0
4488,1.0
6938,-14.0
9062,-19.0
6910,14.0
502,-22.0
7385,-4.0
1028,-17.0
3840,14.0
8110,-33.0
5056,5.0
9762,122.0
8154,-14.0
2731,-15.0
8996,-26.0
2454,-19.0
7215,10.0
3104,30.0
8392,-4.0
6278,-10.0
3099,-9.0
6184,10.0
3561,-21.0
5892,13.0
391,-8.0
6736,-16.0
5618,-15.0
5258,-3.0
9687,-15.0
2695,-22.0
2027,49.0
5463,-11.0
2568,65.0
8006,-10.0
64,28.0
2062,38.0
5276,-27.0
7208,-10.0
8684,-8.0
8571,9.0
6331,-35.0
4859,1.0
4887,-21.0
9268,23.0
878,-5.0
8529,-2.0
7916,5.0
6863,2.0
7892,-17.0
6439,-29.0
7869,-28.0
1016,7.0
9467,-1.0
7629,69.0
995,66.0
4297,80.0
161,-20.0
5675,-8.0
6873,-22.0
9692,-22.0
7989,7.0
3843,-7.0
1021,-10.0
3073,48.0
7555,-3.0
3943,4.0
1585,42.0
3152,0.0
8226,-27.0
775,-7.0
9670,-4.0
7099,-17.0
5486,51.0
6235,-10.0
9555,-23.0
7041,9.0
2612,-1.0
7513,-13.0
8433,-2.0
8792,17.0
5393,60.0
8838,2.0
3890,-1.0
3556,8.0
1528,5.0
1267,35.0
7734,10.0
1899,3.0
4658,-16.0
3005,11.0
2734,-22.0
189,-11.0
9167,-10.0
2747,-14.0
2047,-7.0
7849,-11.0
2558,-7.0
9274,-5.0
8666,32.0
6396,-19.0
3385,15.0
4555,-11.0
1184,-18.0
6420,-3.0
5051,-28.0
5311,-7.0
2433,3.0
6949,2.0
769,-21.0
1685,16.0
8322,-17.0
5578,-24.0
4426,20.0
466,-3.0
6265,-14.0
5734,310.0
5191,1.0
5390,-14.0
860,-5.0
7270,1.0
